algorithm,label,seed,training_job,step,raw_reward,loss,pg_loss,kl_loss,ppo_kl,grad_norm,advantage_mean,reinforce_pp_advantage_raw_mean,reinforce_pp_advantage_raw_std,reinforce_pp_advantage_normalized_mean,reinforce_pp_advantage_normalized_std,response_length_mean,truncated_ratio,step_time,response_tokens_per_second,effective_tokens_per_gpu_per_second
grpo,GRPO,42,937655,0,0.6875,3.725290298e-09,3.725290298e-09,0,0,1.143781781,-1.862645149e-09,,,,,897.78125,0.34375,277.1431274,103.6612396,2236.06958
grpo,GRPO,42,937655,1,0.53125,6.139278412e-06,-2.235174179e-08,0.0006152635906,0,1.297852039,1.490116119e-08,,,,,891.25,0.5625,69.24438477,411.8745422,3903.989502
grpo,GRPO,42,937655,2,0.21875,4.620407708e-06,1.396983862e-08,0.0004607781011,0,1.132939935,-1.396983862e-08,,,,,875.09375,0.5,68.13278961,411.0061951,3874.527344
grpo,GRPO,42,937655,3,0.3125,6.634742022e-06,-7.450580597e-09,0.0006635160535,0,1.241487861,-3.725290298e-09,,,,,993.59375,0.8125,75.0096817,423.8786316,3997.95459
grpo,GRPO,42,937655,4,0.21875,6.087124348e-06,0,0.0006087535294,0,0.996001184,3.725290298e-09,,,,,1023.125,0.96875,76.74170685,426.625885,4011.380127
grpo,GRPO,42,937655,5,0.5625,5.467794836e-06,-9.313225746e-10,0.0005467996816,0,1.162760854,2.793967724e-09,,,,,992.65625,0.78125,74.87845612,424.2208252,4003.168213
grpo,GRPO,42,937655,6,0.3125,7.074326277e-06,0,0.0007083250675,0,1.06730938,0,,,,,976.875,0.625,74.53538513,419.3981018,3979.416504
grpo,GRPO,42,937655,7,0.1875,7.197094874e-06,0,0.0007199587417,0,0.6581879258,0,,,,,1012.75,0.90625,77.12176514,420.2185669,4021.657227
grpo,GRPO,42,937655,8,0.65625,6.122514606e-06,7.450580597e-09,0.0006121440092,0,1.029151201,-7.450580597e-09,,,,,926.59375,0.46875,70.1419754,422.7283325,3969.147461
grpo,GRPO,42,937655,9,0.4375,6.712041795e-06,-1.11758709e-08,0.0006729391753,0,0.9697090387,1.11758709e-08,,,,,951.5625,0.65625,72.80406952,418.2458801,3934.327637
grpo,GRPO,42,937655,10,0.28125,6.962567568e-06,-1.303851604e-08,0.0006976397708,0,0.6115786433,1.303851604e-08,,,,,1010.09375,0.84375,77.34104156,417.9281921,4019.071533
grpo,GRPO,42,937655,11,0.75,7.692724466e-06,-3.725290298e-09,0.0007697800174,0,1.451014757,-7.450580597e-09,,,,,899.96875,0.5625,69.50376129,414.3516846,3899.277344
grpo,GRPO,42,937655,12,0.375,7.763504982e-06,0,0.0007770452648,0,0.9864166975,0,,,,,963.25,0.8125,73.00257874,422.2316589,3949.898193
grpo,GRPO,42,937655,13,0.53125,8.834525943e-06,-5.587935448e-09,0.0008838743088,0,0.7412991524,5.587935448e-09,,,,,887.96875,0.53125,68.37165833,415.5961914,3883.844482
grpo,GRPO,42,937655,14,0.5625,9.683892131e-06,-7.450580597e-09,0.0009691946325,0,0.7513567209,7.450580597e-09,,,,,841.59375,0.46875,65.55675507,410.8043518,3852.439697
grpo,GRPO,42,937655,15,0.375,8.98912549e-06,0,0.0008990798378,0,0.9398702979,0,,,,,956,0.78125,73.41228485,416.7149963,3941.531982
grpo,GRPO,42,937655,16,0.375,9.682029486e-06,-1.862645149e-09,0.0009682755335,0,0.650015831,1.862645149e-09,,,,,939.6875,0.71875,73.21504211,410.7079773,3918.843506
grpo,GRPO,42,937655,17,0.6875,1.07884407e-05,1.11758709e-08,0.001078491914,0,0.9429654479,-7.450580597e-09,,,,,896.3125,0.34375,69.4875946,412.7643127,3945.699707
grpo,GRPO,42,937655,18,0.5625,1.129195698e-05,3.725290298e-09,0.001130330493,0,0.8633131385,0,,,,,975.09375,0.5625,73.75974274,423.035675,4008.983398
grpo,GRPO,42,937655,19,0.625,1.233443618e-05,5.587935448e-09,0.001233112882,0,1.123957634,1.862645149e-09,,,,,928.5625,0.5625,71.14068604,417.6793823,3934.108643
grpo,GRPO,42,937655,20,0.46875,1.300591975e-05,3.725290298e-09,0.001299911062,0,0.5940547585,-6.519258022e-09,,,,,860.625,0.46875,65.86367798,418.1363831,3705.311279
grpo,GRPO,42,937655,21,0.625,1.488626003e-05,1.490116119e-08,0.001486526453,0,1.373822212,-1.490116119e-08,,,,,912.65625,0.5,69.33454895,421.2185669,3933.836182
grpo,GRPO,42,937655,22,0.59375,1.539873847e-05,0,0.001540012658,0,1.179231882,-1.862645149e-09,,,,,952.96875,0.59375,72.09302521,422.9951477,4111.888184
grpo,GRPO,42,937655,23,0.8125,1.844391227e-05,7.450580597e-09,0.001843834179,0,1.23489666,-5.587935448e-09,,,,,946.34375,0.46875,72.98690033,414.9100952,3961.116699
grpo,GRPO,42,937655,24,0.59375,1.960992813e-05,-2.235174179e-08,0.001961922972,0,1.543429494,1.11758709e-08,,,,,881.78125,0.625,67.94233704,415.3080444,3850.392578
grpo,GRPO,42,937655,25,0.40625,2.123787999e-05,3.725290298e-09,0.002123180777,0,1.34429729,-7.450580597e-09,,,,,976.1875,0.75,74.74087524,417.9507141,3975.640137
grpo,GRPO,42,937655,26,0.6875,2.602860332e-05,7.450580597e-09,0.002601858927,0,1.19503653,-1.11758709e-08,,,,,789.40625,0.28125,61.10585785,413.3973694,3844.897705
grpo,GRPO,42,937655,27,0.71875,2.774596214e-05,1.490116119e-08,0.002773427637,0,1.223434806,-4.656612873e-09,,,,,846.5625,0.53125,65.47348785,413.755249,3827.210693
grpo,GRPO,42,937655,28,0.78125,2.748519182e-05,3.725290298e-09,0.002748257481,0,1.00963366,-3.725290298e-09,,,,,829.6875,0.34375,64.75548553,410.0038757,3880.480225
grpo,GRPO,42,937655,29,0.71875,3.263269173e-05,9.313225746e-10,0.003263407387,0,0.7291494608,-9.313225746e-10,,,,,699.4375,0.28125,55.65157318,402.1809082,3791.594727
grpo,GRPO,42,937655,30,0.34375,2.833455801e-05,-3.725290298e-09,0.002833776642,0,0.7263265848,3.725290298e-09,,,,,922,0.65625,70.4020462,419.0787354,3938.144287
grpo,GRPO,42,937655,31,0.59375,3.351271152e-05,-3.725290298e-09,0.003351898631,0,1.259425998,3.725290298e-09,,,,,928.125,0.5,72.83837891,407.7520752,3933.253906
grpo,GRPO,42,937655,32,0.9375,4.053860903e-05,0,0.0040536616,0,0.6969623566,1.862645149e-09,,,,,740.59375,0.09375,58.61713409,404.3016052,3806.382324
grpo,GRPO,42,937655,33,0.6875,4.172697663e-05,7.450580597e-09,0.004171273671,0,1.312129498,-8.381903172e-09,,,,,785.65625,0.15625,59.98427582,419.1264954,3866.678223
grpo,GRPO,42,937655,34,0.25,3.497374928e-05,0,0.003497374943,0,0.01706463471,0,,,,,953.375,0.75,72.47935486,420.9198303,3947.65918
grpo,GRPO,42,937655,35,0.65625,4.469230771e-05,0,0.004468345549,0,1.23621583,7.450580597e-09,,,,,873.46875,0.34375,67.46079254,414.3295593,3918.791992
grpo,GRPO,42,937655,36,0.59375,4.677474499e-05,-7.450580597e-09,0.004676769022,0,0.8904830217,-1.862645149e-09,,,,,900.59375,0.46875,69.2080307,416.4112244,3914.631348
grpo,GRPO,42,937655,37,0.4375,4.325807095e-05,7.450580597e-09,0.004325252958,0,1.397116303,8.381903172e-09,,,,,799.25,0.5,62.26158142,410.7829895,3753.69043
grpo,GRPO,42,937655,38,0.75,4.367470683e-05,0,0.004367470741,0,0.01938716881,0,,,,,865.53125,0.3125,67.41645813,410.8344116,3936.65918
grpo,GRPO,42,937655,39,0.375,4.857033491e-05,-1.862645149e-09,0.004857063759,0,1.278908372,0,,,,,963.21875,0.625,73.85425568,417.3489685,3981.34375
grpo,GRPO,42,937655,40,0.375,5.369260907e-05,-1.11758709e-08,0.005370379426,0,0.9976911545,1.303851604e-08,,,,,844.78125,0.5625,65.82923889,410.6533813,3802.255127
grpo,GRPO,42,937655,41,0.71875,5.215778947e-05,0,0.005215102341,0,1.181248546,3.725290298e-09,,,,,878.28125,0.46875,68.45669556,410.5514832,3866.017578
grpo,GRPO,42,937655,42,0.90625,5.729496479e-05,0,0.005729006138,0,1.002040148,-5.587935448e-09,,,,,716.21875,0.15625,56.51550293,405.534729,3758.080566
grpo,GRPO,42,937655,43,0.5,5.54472208e-05,0,0.005544480868,0,1.326765418,-7.450580597e-09,,,,,953.8125,0.59375,73.7460022,413.8800659,3965.163086
grpo,GRPO,42,937655,44,0.375,5.081295967e-05,7.450580597e-09,0.005080868956,0,1.240587354,-7.450580597e-09,,,,,974.59375,0.71875,73.73997498,422.9320679,3981.914551
grpo,GRPO,42,937655,45,0.59375,7.064267993e-05,-7.450580597e-09,0.007063714787,0,1.338744879,3.725290298e-09,,,,,842.875,0.40625,66.02223969,408.5290222,3839.189453
grpo,GRPO,42,937655,46,0.53125,5.983561277e-05,-1.862645149e-08,0.005984899588,0,1.246398568,1.11758709e-08,,,,,926.375,0.4375,72.07131195,411.3148499,3795.522949
grpo,GRPO,42,937655,47,0.59375,6.607919931e-05,0,0.006608225871,0,0.6251187921,0,,,,,819.3125,0.375,64.03017426,409.4631958,3795.710693
grpo,GRPO,42,937655,48,0.5,6.278604269e-05,7.450580597e-09,0.006277777255,0,1.542053819,-1.490116119e-08,,,,,766.625,0.5,59.38279724,413.116272,3719.512695
grpo,GRPO,42,937655,49,0.625,7.394701242e-05,-1.11758709e-08,0.007396032102,0,1.047634006,1.11758709e-08,,,,,797.90625,0.25,62.67871475,407.3631897,3859.819336
reinforce_plus_plus,REINFORCE++,42,937653,0,0.84375,-0.05179996416,-0.05179996416,,0,1.469104886,0.05179998279,0.8240246177,0.3807992339,0,1,894.65625,0.34375,277.3216553,103.2339172,2235.752686
reinforce_plus_plus,REINFORCE++,42,937653,1,0.59375,-0.1342403591,-0.1342403591,,0,1.622374058,0.1342403591,0.526902914,0.49880898,0,1,878.9375,0.5,68.72263336,409.2683716,3897.325928
reinforce_plus_plus,REINFORCE++,42,937653,2,0.125,-0.001184895635,-0.001184895635,,0,1.41267705,0.001184917055,0.1247367784,0.3300044835,0,1,867.625,0.5,67.70433044,410.0771484,3842.906738
reinforce_plus_plus,REINFORCE++,42,937653,3,0.34375,-0.03495896235,-0.03495896235,,0,1.52625668,0.0349589698,0.3280023634,0.4695675671,0,1,976.125,0.71875,74.66859436,418.3284912,3993.085205
reinforce_plus_plus,REINFORCE++,42,937653,4,0.09375,0.003752574325,0.003752574325,,0,1.59262383,-0.003752593882,0.09420023859,0.2960993946,0,1,1012.71875,0.9375,77.13869476,420.1134033,3996.197266
reinforce_plus_plus,REINFORCE++,42,937653,5,0.5,-0.03616005927,-0.03616005927,,0,1.484042645,0.03616006672,0.4811220765,0.4991982281,0,1,988.53125,0.8125,75.77775574,417.444397,4000.831787
reinforce_plus_plus,REINFORCE++,42,937653,6,0.46875,-0.06087179482,-0.06087179482,,0,1.618999362,0.06087177992,0.4392052889,0.4972723126,0,1,967.46875,0.625,74.46661377,415.7433472,3986.527588
reinforce_plus_plus,REINFORCE++,42,937653,7,0.21875,-0.01784592867,-0.01784592867,,0,1.475495934,0.01784593612,0.2118780166,0.4073178172,0,1,1014.53125,0.875,77.08198547,421.1749268,4151.80127
reinforce_plus_plus,REINFORCE++,42,937653,8,0.625,-0.04010143131,-0.04010143131,,0,1.467421651,0.04010144994,0.6046162844,0.4893793166,0,1,969.4375,0.46875,74.14963531,418.3702393,4013.115479
reinforce_plus_plus,REINFORCE++,42,937653,9,0.4375,-0.09851343185,-0.09851343185,,0,1.556280971,0.0985134691,0.3869146705,0.4863754511,0,1,943.75,0.71875,72.26873016,417.8847351,3926.864746
reinforce_plus_plus,REINFORCE++,42,937653,10,0.28125,-0.05511775985,-0.05511775985,,0,1.452658176,0.05511774868,0.2588065267,0.4370649457,0,1,990.65625,0.84375,76.03512573,416.9257507,3991.129395
reinforce_plus_plus,REINFORCE++,42,937653,11,0.5625,-0.1151690334,-0.1151690334,,0,1.661115408,0.1151690334,0.5040658712,0.4990949035,0,1,905.1875,0.5625,71.14965057,407.1137085,3915.773193
reinforce_plus_plus,REINFORCE++,42,937653,12,0.3125,-0.1047531366,-0.1047531366,,0,1.780721068,0.1047531515,0.2659147382,0.4419661462,0,1,941.6875,0.75,72.7673111,414.1145325,3941.255859
reinforce_plus_plus,REINFORCE++,42,937653,13,0.53125,-0.09193912894,-0.09193912894,,0,1.579320908,0.09193912148,0.4828748107,0.5006869435,0,1,932.5625,0.5625,71.67111206,416.3741455,3951.714111
reinforce_plus_plus,REINFORCE++,42,937653,14,0.625,-0.1766608059,-0.1766608059,,0,1.709568739,0.176660791,0.5343365073,0.4965205491,0,1,829.3125,0.46875,63.99038315,414.7185669,3830.421143
reinforce_plus_plus,REINFORCE++,42,937653,15,0.21875,-0.1244607717,-0.1244607717,,0,1.682859659,0.1244607717,0.1695337743,0.3767241836,0,1,965.9375,0.78125,74.54563141,414.6453552,3954.107422
reinforce_plus_plus,REINFORCE++,42,937653,16,0.3125,-0.1521410048,-0.1521410048,,0,1.757553816,0.1521410495,0.2454263419,0.4310032427,0,1,934.8125,0.78125,72.47590637,412.7440796,3916.383301
reinforce_plus_plus,REINFORCE++,42,937653,17,0.6875,-0.06754756719,-0.06754756719,,0,1.486576319,0.06754759699,0.6532436609,0.4744853675,0,1,922.96875,0.4375,72.1834259,409.1659546,3948.412354
reinforce_plus_plus,REINFORCE++,42,937653,18,0.5625,-0.06601247191,-0.06601247191,,0,1.404089808,0.06601247191,0.5261361003,0.4982568324,0,1,951.65625,0.53125,72.5962677,419.484375,3980.661621
reinforce_plus_plus,REINFORCE++,42,937653,19,0.65625,-0.06466702372,-0.06466702372,,0,1.453158736,0.06466702372,0.6195789576,0.4852851629,0,1,938.84375,0.53125,73.67716217,407.7654114,3953.770508
reinforce_plus_plus,REINFORCE++,42,937653,20,0.46875,-0.1039856523,-0.1039856523,,0,1.54799664,0.1039856821,0.4156697094,0.4931616783,0,1,911.53125,0.53125,69.83139038,417.7061157,3944.120117
reinforce_plus_plus,REINFORCE++,42,937653,21,0.59375,-0.09723992646,-0.09723992646,,0,1.505812645,0.09723995626,0.5421336889,0.4956184924,0,1,910.875,0.4375,70.03569031,416.1878052,3944.381836
reinforce_plus_plus,REINFORCE++,42,937653,22,0.46875,-0.08016997576,-0.08016997576,,0,1.623146653,0.08016997576,0.423235625,0.4924866855,0,1,949.53125,0.5625,72.80923462,417.3234253,3971.140869
reinforce_plus_plus,REINFORCE++,42,937653,23,0.875,-0.02517657354,-0.02517657354,,0,1.441864014,0.02517656237,0.8628717661,0.3436301947,0,1,957.78125,0.5,74.12875366,413.4562988,3979.731934
reinforce_plus_plus,REINFORCE++,42,937653,24,0.59375,-0.1103885695,-0.1103885695,,0,1.55970645,0.1103885993,0.5364264846,0.4958887398,0,1,898.96875,0.53125,70.63341522,407.2718201,3898.01416
reinforce_plus_plus,REINFORCE++,42,937653,25,0.34375,-0.07491062582,-0.07491062582,,0,1.727237225,0.07491063327,0.3047121167,0.4606502652,0,1,951.1875,0.6875,73.90099335,411.8753967,3945.819824
reinforce_plus_plus,REINFORCE++,42,937653,26,0.75,-0.1556448936,-0.1556448936,,0,1.494199753,0.1556448936,0.6698833108,0.4657787979,0,1,792.65625,0.28125,62.20989227,407.7325745,3976.372803
reinforce_plus_plus,REINFORCE++,42,937653,27,0.59375,-0.1054032445,-0.1054032445,,0,1.55090642,0.1054032445,0.5381177068,0.4951604009,0,1,907.21875,0.65625,70.03747559,414.5066833,3890.525635
reinforce_plus_plus,REINFORCE++,42,937653,28,0.75,-0.1250420213,-0.1250420213,,0,1.386013269,0.1250420213,0.684618175,0.4587983787,0,1,832.34375,0.375,65.6702652,405.5869446,3878.838135
reinforce_plus_plus,REINFORCE++,42,937653,29,0.75,-0.2571645081,-0.2571645081,,0,1.709376216,0.2571645081,0.6173650026,0.4883528054,0,1,673.03125,0.21875,55.04561234,391.2573242,3759.843018
reinforce_plus_plus,REINFORCE++,42,937653,30,0.375,-0.1589006782,-0.1589006782,,0,1.751210809,0.1589006782,0.2951190174,0.4608889222,0,1,916.5625,0.625,71.05998993,412.7498474,3923.128174
reinforce_plus_plus,REINFORCE++,42,937653,31,0.53125,-0.07636956871,-0.07636956871,,0,1.611462831,0.07636958361,0.4830473363,0.4995048642,0,1,940.3125,0.5625,73.03240204,412.0089111,3942.914551
reinforce_plus_plus,REINFORCE++,42,937653,32,0.875,-0.07242844254,-0.07242844254,,0,1.324420691,0.07242844999,0.8392716646,0.3586449325,0,1,792.34375,0.15625,62.42463303,406.1697998,3866.775146
reinforce_plus_plus,REINFORCE++,42,937653,33,0.59375,-0.08995162696,-0.08995162696,,0,1.563856363,0.08995161206,0.5369611382,0.4948886931,0,1,887.78125,0.40625,67.78674316,419.09375,3944.143311
reinforce_plus_plus,REINFORCE++,42,937653,34,0.25,-0.08528118581,-0.08528118581,,0,1.665131688,0.08528117836,0.207297802,0.4098659754,0,1,978.0625,0.78125,75.06386566,416.9516296,3970.724121
reinforce_plus_plus,REINFORCE++,42,937653,35,0.625,-0.0260153152,-0.0260153152,,0,1.466231585,0.02601534501,0.5991650224,0.4858413637,0,1,951.15625,0.5625,73.25269318,415.506897,3954.322998
reinforce_plus_plus,REINFORCE++,42,937653,36,0.53125,-0.02873592079,-0.02873592079,,0,1.498062849,0.02873590589,0.5010799766,0.5007657409,0,1,920.125,0.5,71.14989471,413.8305359,3921.915771
reinforce_plus_plus,REINFORCE++,42,937653,37,0.4375,-0.2615771592,-0.2615771592,,0,2.046480417,0.2615771294,0.3036240041,0.4639552832,0,1,777.5,0.46875,60.93733978,408.288269,3724.470459
reinforce_plus_plus,REINFORCE++,42,937653,38,0.71875,-0.05463860184,-0.05463860184,,0,1.520384789,0.05463858321,0.6830176115,0.4620344043,0,1,908.96875,0.3125,70.78503418,410.9201965,3971.09082
reinforce_plus_plus,REINFORCE++,42,937653,39,0.4375,-0.01522231847,-0.01522231847,,0,1.503872633,0.0152223371,0.409198612,0.4926983714,0,1,969.84375,0.6875,74.82007599,414.795105,3974.95874
reinforce_plus_plus,REINFORCE++,42,937653,40,0.375,-0.2080043554,-0.2080043554,,0,2.124899864,0.208004415,0.2691873908,0.4513558149,0,1,852.1875,0.5625,66.40898132,410.6372375,3814.100342
reinforce_plus_plus,REINFORCE++,42,937653,41,0.71875,-0.08759240061,-0.08759240061,,0,1.505339861,0.08759239316,0.6594386101,0.4667574465,0,1,895.15625,0.5,70.66825867,405.344635,3899.654053
reinforce_plus_plus,REINFORCE++,42,937653,42,0.8125,-0.1507190764,-0.1507190764,,0,1.428503156,0.1507190466,0.7386003733,0.4344906509,0,1,758.53125,0.1875,59.28940964,409.3985901,3835.274658
reinforce_plus_plus,REINFORCE++,42,937653,43,0.5,-0.08455941081,-0.08455941081,,0,1.592079163,0.08455940336,0.4394698143,0.5007612109,0,1,944.34375,0.5625,73.98866272,408.4274292,3952.936768
reinforce_plus_plus,REINFORCE++,42,937653,44,0.3125,-0.04821985215,-0.04821985215,,0,1.760847211,0.04821984842,0.2730697095,0.4572189748,0,1,952.71875,0.71875,72.19594574,422.2813416,3953.734619
reinforce_plus_plus,REINFORCE++,42,937653,45,0.40625,-0.08831784129,-0.08831784129,,0,1.75603354,0.08831778169,0.3447073102,0.4773704112,0,1,860.15625,0.5,67.43105316,408.1947327,3851.512939
reinforce_plus_plus,REINFORCE++,42,937653,46,0.6875,-0.05620440841,-0.05620440841,,0,1.468770742,0.05620442703,0.639536798,0.4686046243,0,1,942.9375,0.5625,73.49105072,410.5805969,3956.660889
reinforce_plus_plus,REINFORCE++,42,937653,47,0.65625,-0.1223840192,-0.1223840192,,0,1.663400292,0.1223839819,0.5733323693,0.4888133705,0,1,793.40625,0.3125,62.57787704,405.7184753,3752.106934
reinforce_plus_plus,REINFORCE++,42,937653,48,0.53125,-0.1040440351,-0.1040440351,,0,1.875252724,0.1040440425,0.4655436873,0.4963026643,0,1,770.6875,0.40625,60.11048889,410.2778015,3754.786377
reinforce_plus_plus,REINFORCE++,42,937653,49,0.65625,-0.05759014934,-0.05759014934,,0,1.560467362,0.05759015679,0.608936429,0.4787299931,0,1,856.8125,0.28125,67.76802063,404.5860901,3902.942139
reinforce_plus_plus_baseline,REINFORCE++-baseline,42,937654,0,0.75,-0.009805575013,-0.009805575013,0,0,1.335296392,0.009805575013,-0.003179180436,0.3242222071,0,1,872.375,0.375,275.2123413,101.4344025,2218.701416
reinforce_plus_plus_baseline,REINFORCE++-baseline,42,937654,1,0.65625,-0.03671644628,-0.03672260046,0.0006145535153,0,1.636481285,0.03672260046,-0.01605020836,0.4370668232,0,1,852.0625,0.4375,67.25274658,405.4258423,3861.489014
reinforce_plus_plus_baseline,REINFORCE++-baseline,42,937654,2,0.21875,-0.01216136664,-0.01216639578,0.0005018815864,0,1.471585035,0.01216640696,-0.00475118449,0.3905163109,0,1,864.09375,0.53125,66.90898895,413.2628479,3839.171631
reinforce_plus_plus_baseline,REINFORCE++-baseline,42,937654,3,0.21875,-0.00862587709,-0.008632559329,0.0006687407731,0,1.592085004,0.008632563055,-0.00295523135,0.3423368335,0,1,994,0.84375,75.0003891,424.1044922,4129.277344
reinforce_plus_plus_baseline,REINFORCE++-baseline,42,937654,4,0.15625,6.467103958e-06,0,0.0006471909001,0,1.507644176,5.587935448e-09,0,0.3006907105,0,1,1017.53125,0.90625,77.31755829,421.1333313,4004.382812
reinforce_plus_plus_baseline,REINFORCE++-baseline,42,937654,5,0.5,-0.02941945195,-0.02942503244,0.000558980566,0,1.412337184,0.02942503616,-0.01170104928,0.3976559639,0,1,986.15625,0.8125,74.41001892,424.0960999,3996.981934
reinforce_plus_plus_baseline,REINFORCE++-baseline,42,937654,6,0.3125,-0.03309167549,-0.03309847042,0.0006797030219,0,1.544685483,0.03309849277,-0.01136038173,0.3432295322,0,1,982.03125,0.75,74.83984375,419.896637,3987.95459
reinforce_plus_plus_baseline,REINFORCE++-baseline,42,937654,7,0.40625,-0.01157288626,-0.01157969609,0.0006809415645,0,1.463112712,0.0115796905,-0.005171746947,0.4466226697,0,1,1009.84375,0.8125,76.95592499,419.9157104,4010.206787
reinforce_plus_plus_baseline,REINFORCE++-baseline,42,937654,8,0.65625,-0.04084463045,-0.04085061699,0.0005986487959,0,1.448397875,0.04085059837,-0.01833762974,0.448895067,0,1,945.375,0.53125,71.6734314,422.0810852,3966.601318
reinforce_plus_plus_baseline,REINFORCE++-baseline,42,937654,9,0.40625,-0.03920228407,-0.03920901194,0.000672808208,0,1.479442835,0.03920901567,-0.01630048268,0.4157330394,0,1,966.46875,0.75,73.72805023,419.473999,3959.990234
reinforce_plus_plus_baseline,REINFORCE++-baseline,42,937654,10,0.25,6.636590115e-06,0,0.0006636589533,0,0.002317036735,0,0,0,0,0,1001.6875,0.875,75.67595673,423.5691223,3998.638916
reinforce_plus_plus_baseline,REINFORCE++-baseline,42,937654,11,0.59375,-0.05078852922,-0.05079559982,0.0007085924153,0,1.541620374,0.05079559237,-0.02236172557,0.4402295053,0,1,896.65625,0.46875,68.95339203,416.1216736,3921.95874
reinforce_plus_plus_baseline,REINFORCE++-baseline,42,937654,12,0.28125,-0.02385485172,-0.02386263013,0.0007774790283,0,1.545517325,0.02386265621,-0.007700538263,0.3227027655,0,1,963.8125,0.78125,73.28371429,420.8574829,3964.615479
reinforce_plus_plus_baseline,REINFORCE++-baseline,42,937654,13,0.59375,0.002424329519,0.002416193485,0.0008138236008,0,1.341509223,-0.002416200936,0.0008836349007,0.3657110333,0,1,853.1875,0.4375,65.60727692,416.1428528,3847.328125
reinforce_plus_plus_baseline,REINFORCE++-baseline,42,937654,14,0.5,8.558721674e-06,0,0.0008558722911,0,0.004480879754,0,0,0,0,0,875.46875,0.625,67.08058167,417.6320496,3841.556396
reinforce_plus_plus_baseline,REINFORCE++-baseline,42,937654,15,0.28125,8.158385754e-06,9.313225746e-09,0.000815720472,0,1.310923219,-3.725290298e-09,0,0.1712822616,0,1,954.40625,0.75,73.00047302,418.367157,3963.220703
reinforce_plus_plus_baseline,REINFORCE++-baseline,42,937654,16,0.34375,0.003415942192,0.003407943994,0.0008002712857,0,1.688921809,-0.003407951444,0.001003292855,0.2943961918,0,1,911.0625,0.75,70.76311493,411.9942932,3888.281982
reinforce_plus_plus_baseline,REINFORCE++-baseline,42,937654,17,0.75,-0.03063635342,-0.03064481542,0.0008463281556,0,1.438170075,0.0306448061,-0.01021049172,0.3331882954,0,1,907.84375,0.5,70.47922516,412.1923828,3943.354248
reinforce_plus_plus_baseline,REINFORCE++-baseline,42,937654,18,0.59375,-0.007706943899,-0.007715452462,0.0008511494379,0,1.324071288,0.007715460844,-0.002377057215,0.3080895543,0,1,964.625,0.65625,73.40370178,420.5237427,3986.194824
reinforce_plus_plus_baseline,REINFORCE++-baseline,42,937654,19,0.65625,-0.02936125547,-0.02937099338,0.0009735956555,0,1.414943814,0.02937099338,-0.01323157549,0.4504979253,0,1,951.5,0.59375,73.79953003,412.5771484,3961.173584
reinforce_plus_plus_baseline,REINFORCE++-baseline,42,937654,20,0.5625,0.009222824126,0.009212732315,0.001008974388,0,1.251515388,-0.009212737903,0.002133436734,0.2315743864,0,1,886.1875,0.4375,67.63938141,419.2528076,3927.0896
reinforce_plus_plus_baseline,REINFORCE++-baseline,42,937654,21,0.75,-0.01232105121,-0.01233137213,0.001031775028,0,1.33901751,0.01233137399,-0.004500088282,0.3649293482,0,1,884.53125,0.34375,68.84189606,411.1594849,3657.0271
reinforce_plus_plus_baseline,REINFORCE++-baseline,42,937654,22,0.59375,-0.03005850129,-0.03007067367,0.001216800069,0,1.449150443,0.0300706625,-0.0115766041,0.3849799335,0,1,972.125,0.71875,73.7196579,421.9769897,3978.259033
reinforce_plus_plus_baseline,REINFORCE++-baseline,42,937654,23,0.75,-0.01840013079,-0.01841293275,0.001281475881,0,1.478170753,0.01841294393,-0.007356377319,0.3995221853,0,1,936.15625,0.46875,72.25769806,414.5855713,3949.53833
reinforce_plus_plus_baseline,REINFORCE++-baseline,42,937654,24,0.65625,-0.02805652469,-0.02807094157,0.001442027977,0,1.36100626,0.02807093784,-0.01113604661,0.3967107236,0,1,873.78125,0.5,67.12966156,416.5222778,4027.670166
reinforce_plus_plus_baseline,REINFORCE++-baseline,42,937654,25,0.09375,-0.02717455663,-0.02718880959,0.001426368253,0,1.64239037,0.02718882822,-0.007132964209,0.2623490989,0,1,1015.3125,0.9375,77.79997253,417.6094055,3990.285889
reinforce_plus_plus_baseline,REINFORCE++-baseline,42,937654,26,0.75,-0.03223593906,-0.03225302696,0.001707782503,0,1.628569841,0.03225303814,-0.008146565408,0.2525829971,0,1,863.09375,0.34375,66.18524933,417.2984314,3924.818604
reinforce_plus_plus_baseline,REINFORCE++-baseline,42,937654,27,0.53125,-0.00739724189,-0.007412925363,0.001569185173,0,1.366880178,0.007412932813,-0.003020336851,0.4074416757,0,1,931.1875,0.71875,70.68730164,421.5467224,3925.673096
reinforce_plus_plus_baseline,REINFORCE++-baseline,42,937654,28,0.71875,-0.03362043574,-0.03363787755,0.001744721434,0,1.378521442,0.0336378701,-0.01365422923,0.4059183896,0,1,878.5625,0.46875,68.33045197,411.4417419,3893.481934
reinforce_plus_plus_baseline,REINFORCE++-baseline,42,937654,29,0.75,2.28338813e-05,0,0.002283388283,0,0.01231071353,0,0,0,0,0,727.5,0.3125,57.88479996,402.1781311,3850.583252
reinforce_plus_plus_baseline,REINFORCE++-baseline,42,937654,30,0.375,-0.04804332927,-0.04806283116,0.001951210666,0,1.652789235,0.04806283861,-0.01208761428,0.2514961064,0,1,921.65625,0.625,69.72441864,422.993866,3938.556152
reinforce_plus_plus_baseline,REINFORCE++-baseline,42,937654,31,0.5625,-0.01676159352,-0.01678447425,0.002287768759,0,1.539832115,0.01678448543,-0.00561986398,0.3348251581,0,1,977.28125,0.59375,75.37909698,414.8762817,3986.410645
reinforce_plus_plus_baseline,REINFORCE++-baseline,42,937654,32,0.9375,-0.004134315997,-0.004160657525,0.00263407547,0,1.423968911,0.004160663113,-0.001013850793,0.2436749488,0,1,751.3125,0.125,58.36075211,411.9549255,3807.887451
reinforce_plus_plus_baseline,REINFORCE++-baseline,42,937654,33,0.71875,-0.02026704513,-0.02029139176,0.00243378384,0,1.174053907,0.02029139921,-0.003608782776,0.177847892,0,1,872.4375,0.5,65.47025299,426.4226685,3897.176514
reinforce_plus_plus_baseline,REINFORCE++-baseline,42,937654,34,0.25,2.191080239e-05,0,0.002191080246,0,0.01180013362,0,0,0,0,0,967.65625,0.75,74.22465515,417.1794434,3970.313477
reinforce_plus_plus_baseline,REINFORCE++-baseline,42,937654,35,0.65625,-0.02352517098,-0.02355315164,0.002797972178,0,1.504537225,0.02355316654,-0.009929488413,0.4215772748,0,1,917.40625,0.4375,71.39884949,411.1690979,3941.240723
reinforce_plus_plus_baseline,REINFORCE++-baseline,42,937654,36,0.40625,-0.05651348829,-0.05654122308,0.002774959896,0,1.573359489,0.05654121935,-0.0198172722,0.350492537,0,1,953.4375,0.59375,73.2559433,416.4849854,3965.0271
reinforce_plus_plus_baseline,REINFORCE++-baseline,42,937654,37,0.46875,-0.06110234559,-0.06113010645,0.002775529632,0,1.352237701,0.06113013625,-0.01782542653,0.2915981114,0,1,844.5625,0.53125,64.95117188,416.0971985,3825.962891
reinforce_plus_plus_baseline,REINFORCE++-baseline,42,937654,38,0.71875,-0.02021035552,-0.02023809031,0.002773462329,0,1.278200507,0.02023809962,-0.003567406908,0.1762718558,0,1,888.03125,0.40625,67.24994659,422.5579529,3921.42627
reinforce_plus_plus_baseline,REINFORCE++-baseline,42,937654,39,0.46875,-0.01127100177,-0.0113032423,0.003223712556,0,1.464135528,0.01130324416,-0.005038520321,0.4457583725,0,1,961.34375,0.5625,73.03427124,421.2132263,3974.023682
reinforce_plus_plus_baseline,REINFORCE++-baseline,42,937654,40,0.375,-0.05076124519,-0.05080359057,0.004234591499,0,1.531379461,0.05080359057,-0.01653499156,0.3254688084,0,1,862.28125,0.59375,66.1853714,416.9048157,3818.9375
reinforce_plus_plus_baseline,REINFORCE++-baseline,42,937654,41,0.65625,-0.02822070941,-0.02825641632,0.003570582019,0,1.355271935,0.02825641632,-0.01131158415,0.4003194869,0,1,893.71875,0.5,69.67928314,410.4376526,3899.375488
reinforce_plus_plus_baseline,REINFORCE++-baseline,42,937654,42,0.875,-0.06532432139,-0.06536243856,0.003811889328,0,1.391735792,0.06536245346,-0.01808720455,0.2767217755,0,1,744.65625,0.25,58.8498497,404.9118347,3788.161621
reinforce_plus_plus_baseline,REINFORCE++-baseline,42,937654,43,0.5,0.008363382891,0.008320791647,0.004259332549,0,1.520562887,-0.008320793509,0.002631751588,0.3162855208,0,1,952.90625,0.625,72.85671997,418.5338135,3960.882812
reinforce_plus_plus_baseline,REINFORCE++-baseline,42,937654,44,0.46875,-0.0547629036,-0.05480206758,0.003912484739,0,1.686420321,0.0548020713,-0.02267831005,0.4138224423,0,1,957.34375,0.65625,73.11769104,418.9820557,3968.822266
reinforce_plus_plus_baseline,REINFORCE++-baseline,42,937654,45,0.40625,-0.04298791662,-0.0430328548,0.004493923858,0,1.746917963,0.04303287342,-0.01462765969,0.3399183154,0,1,875.375,0.5,68.83934784,406.918457,3859.208984
reinforce_plus_plus_baseline,REINFORCE++-baseline,42,937654,46,0.59375,-0.04815364629,-0.04820041358,0.004676398356,0,1.479843855,0.04820041358,-0.0211546123,0.4388890564,0,1,940.25,0.59375,72.23316956,416.539917,3948.448975
reinforce_plus_plus_baseline,REINFORCE++-baseline,42,937654,47,0.6875,0.003464505076,0.0034070611,0.005744046532,0,1.328386545,-0.003407068551,0.001220667502,0.3582735062,0,1,857.625,0.40625,66.63768768,411.8390198,3848.105225
reinforce_plus_plus_baseline,REINFORCE++-baseline,42,937654,48,0.53125,0.01545216888,0.01540015638,0.005200822838,0,1.867352366,-0.01540014893,0.004835257307,0.3139741719,0,1,817.5625,0.40625,63.5754776,411.5108643,3811.525391
reinforce_plus_plus_baseline,REINFORCE++-baseline,42,937654,49,0.375,-0.04962142929,-0.04967229813,0.005086694844,0,1.416363001,0.04967229068,-0.0156624075,0.3153147697,0,1,926.78125,0.5625,72.4372406,409.4165039,3934.142334
grpo,GRPO,1234,937657,0,0.8125,7.450580597e-09,7.450580597e-09,0,0,0.9319664836,-7.450580597e-09,,,,,883.75,0.3125,275.8152771,102.5323944,2087.869385
grpo,GRPO,1234,937657,1,0.59375,5.934387445e-06,-1.862645149e-08,0.0005949382321,0,1.297965884,1.490116119e-08,,,,,887.96875,0.5,71.09237671,399.6912537,3920.574463
grpo,GRPO,1234,937657,2,0.1875,4.74601984e-06,7.450580597e-09,0.0004774377448,0,1.116749167,9.313225746e-09,,,,,862.75,0.53125,67.26538086,410.434021,3833.36792
grpo,GRPO,1234,937657,3,0.15625,6.955116987e-06,7.450580597e-09,0.0006947778165,0,0.9545142651,-1.862645149e-09,,,,,1008.75,0.875,76.16700745,423.8055115,4016.645508
grpo,GRPO,1234,937657,4,0.0625,6.299465895e-06,0,0.0006294446066,0,0.7175638676,0,,,,,1011.15625,0.90625,76.67228699,422.0168762,4000.479492
grpo,GRPO,1234,937657,5,0.5625,5.528330803e-06,7.450580597e-09,0.0005513621727,0,1.036720991,-7.450580597e-09,,,,,994.65625,0.78125,74.87451935,425.0979004,3998.937256
grpo,GRPO,1234,937657,6,0.40625,6.664544344e-06,7.450580597e-09,0.000666240172,0,1.024195194,0,,,,,934.53125,0.65625,70.34849548,425.0979614,3938.713623
grpo,GRPO,1234,937657,7,0.1875,6.765127182e-06,-6.519258022e-09,0.0006777995732,0,1.200412631,3.725290298e-09,,,,,1018.46875,0.9375,76.40626526,426.5487671,4026.769775
grpo,GRPO,1234,937657,8,0.6875,5.971640348e-06,-3.725290298e-09,0.0005979096168,0,1.361751914,3.725290298e-09,,,,,957.65625,0.46875,71.69689178,427.424408,3990.307617
grpo,GRPO,1234,937657,9,0.5,6.820075214e-06,1.676380634e-08,0.0006814977969,0,1.414477706,-1.862645149e-09,,,,,966.25,0.625,73.09597015,423.0055237,3977.778076
grpo,GRPO,1234,937657,10,0.21875,6.760004908e-06,-6.519258022e-09,0.0006765032304,0,0.9109679461,0,,,,,1001.25,0.84375,75.45376587,424.6308899,4121.660645
grpo,GRPO,1234,937657,11,0.5,7.284805179e-06,2.793967724e-09,0.0007282302249,0,1.665140033,-1.862645149e-09,,,,,895.09375,0.5625,68.72467041,416.7790222,3888.967041
grpo,GRPO,1234,937657,12,0.25,7.887370884e-06,-7.450580597e-09,0.0007896997849,0,1.240426183,5.587935448e-09,,,,,967.3125,0.8125,73.86052704,419.0871887,3961.424072
grpo,GRPO,1234,937657,13,0.5,8.92393291e-06,0,0.0008919482934,0,1.054907799,0,,,,,915.96875,0.625,69.74094391,420.2839661,3920.414307
grpo,GRPO,1234,937657,14,0.46875,1.023709774e-05,-7.450580597e-09,0.001024168334,0,0.9949940443,5.587935448e-09,,,,,878.34375,0.65625,68.27920532,411.6480408,3821.709229
grpo,GRPO,1234,937657,15,0.34375,9.080395103e-06,-3.725290298e-09,0.0009084049379,0,1.197224021,1.676380634e-08,,,,,972.78125,0.78125,74.11631775,420.0019836,3966.942627
grpo,GRPO,1234,937657,16,0.28125,9.048730135e-06,0,0.000904845132,0,1.168420315,1.862645149e-09,,,,,914.5625,0.75,71.54579163,409.0527039,3861.951172
grpo,GRPO,1234,937657,17,0.6875,1.069903374e-05,-7.450580597e-09,0.001070246566,0,1.378479242,1.490116119e-08,,,,,874.15625,0.375,66.79107666,418.8134155,3929.786133
grpo,GRPO,1234,937657,18,0.5625,1.04252249e-05,0,0.001042317948,0,0.9248151779,3.725290298e-09,,,,,932.78125,0.46875,70.27606201,424.7391968,3958.13208
grpo,GRPO,1234,937657,19,0.625,1.151114702e-05,1.490116119e-08,0.001149598509,0,1.186931491,-1.862645149e-09,,,,,939.625,0.53125,72.04782867,417.3338928,3961.344971
grpo,GRPO,1234,937657,20,0.4375,1.15390867e-05,0,0.001154065365,0,0.632968545,0,,,,,871.46875,0.4375,65.91513062,423.0743408,3916.736328
grpo,GRPO,1234,937657,21,0.6875,1.428648829e-05,-1.862645149e-09,0.001428796211,0,1.180838108,1.862645149e-09,,,,,908.9375,0.46875,69.38626099,419.1896057,3779.244385
grpo,GRPO,1234,937657,22,0.5625,1.560524106e-05,3.725290298e-09,0.001560040284,0,0.9506143332,0,,,,,944.96875,0.5625,71.70075226,421.7389526,3964.597656
grpo,GRPO,1234,937657,23,0.65625,1.691747457e-05,-3.725290298e-09,0.001691100537,0,1.374818563,-7.450580597e-09,,,,,954.96875,0.5625,72.97951508,418.7339478,3984.570801
grpo,GRPO,1234,937657,24,0.53125,1.994892955e-05,-7.450580597e-09,0.001996371197,0,1.463137388,0,,,,,883.5,0.5,67.66641998,417.8143311,3894.780518
grpo,GRPO,1234,937657,25,0.375,2.137944102e-05,7.450580597e-09,0.002138044685,0,1.317988396,-3.725290298e-09,,,,,979.96875,0.78125,73.95691681,424.0171509,3977.632812
grpo,GRPO,1234,937657,26,0.71875,2.506282181e-05,-6.519258022e-09,0.002506580204,0,0.9963747859,0,,,,,820.84375,0.34375,63.98233032,410.5352173,3853.123535
grpo,GRPO,1234,937657,27,0.65625,2.620369196e-05,-1.490116119e-08,0.002620063489,0,1.146079063,1.11758709e-08,,,,,855.28125,0.4375,65.52993011,417.6564941,3855.441895
grpo,GRPO,1234,937657,28,0.8125,2.540647984e-05,0,0.002539981157,0,0.928568244,-1.862645149e-09,,,,,841.59375,0.34375,65.60366821,410.5105591,3876.276367
grpo,GRPO,1234,937657,29,0.71875,3.277882934e-05,1.11758709e-08,0.003277071286,0,1.280713916,-5.587935448e-09,,,,,670.125,0.25,54.16317749,395.9147339,3583.083008
grpo,GRPO,1234,937657,30,0.34375,2.543255687e-05,-7.450580597e-09,0.002544970019,0,0.7130473852,7.450580597e-09,,,,,928.40625,0.65625,70.91886902,418.9153137,3952.758057
grpo,GRPO,1234,937657,31,0.5625,3.039650619e-05,-5.587935448e-09,0.003038772382,0,1.606967688,-3.725290298e-09,,,,,927.3125,0.59375,71.66567993,414.0615234,3930.290771
grpo,GRPO,1234,937657,32,0.9375,3.151223063e-05,-7.450580597e-09,0.003152221208,0,0.8745064139,1.303851604e-08,,,,,736.40625,0.03125,57.66991806,408.6185913,3806.285156
grpo,GRPO,1234,937657,33,0.6875,3.792904317e-05,0,0.003793010255,0,1.144092083,1.862645149e-09,,,,,837.84375,0.3125,63.6026268,421.5391846,3908.589355
grpo,GRPO,1234,937657,34,0.28125,2.894271165e-05,-1.303851604e-08,0.002895370359,0,0.7799149752,9.313225746e-09,,,,,954.3125,0.75,73.30155182,416.6078491,3954.738037
grpo,GRPO,1234,937657,35,0.75,4.085153341e-05,1.303851604e-08,0.004084677901,0,1.264713287,-5.587935448e-09,,,,,913.75,0.40625,71.26734924,410.2860718,3934.348389
grpo,GRPO,1234,937657,36,0.5,3.665522308e-05,3.725290298e-09,0.003664867254,0,1.100138664,0,,,,,892.0625,0.40625,69.12423706,412.9666138,3938.260254
grpo,GRPO,1234,937657,37,0.5,4.311893645e-05,1.11758709e-08,0.004310512915,0,1.04537499,-1.11758709e-08,,,,,805.78125,0.5,62.60282135,411.8823853,3740.770752
grpo,GRPO,1234,937657,38,0.6875,3.155227751e-05,-1.862645149e-09,0.00315462891,0,0.9003732204,-5.587935448e-09,,,,,931.6875,0.34375,71.94853973,414.3795166,3982.652344
grpo,GRPO,1234,937657,39,0.5625,4.206597805e-05,0,0.004206564277,0,1.258094907,-1.862645149e-09,,,,,959.96875,0.5625,72.55099487,423.4125366,3970.546387
grpo,GRPO,1234,937657,40,0.375,4.650652409e-05,-3.725290298e-09,0.00465081213,0,1.353886247,0,,,,,867.40625,0.65625,67.66486359,410.2128906,3824.118164
grpo,GRPO,1234,937657,41,0.8125,4.84213233e-05,0,0.004842719994,0,0.9638630152,0,,,,,885.25,0.5625,67.91967773,417.0808716,3865.180664
grpo,GRPO,1234,937657,42,0.84375,6.024912e-05,1.11758709e-08,0.006024310831,0,1.052659631,-6.519258022e-09,,,,,775.84375,0.28125,59.91980362,414.3371582,3819.39917
grpo,GRPO,1234,937657,43,0.46875,4.858896136e-05,0,0.004858839326,0,1.173005342,-3.725290298e-09,,,,,941.40625,0.6875,72.08506012,417.9090576,3938.984863
grpo,GRPO,1234,937657,44,0.3125,4.706159234e-05,0,0.004705768079,0,1.337429762,0,,,,,959.09375,0.75,72.88647461,421.0794983,3957.143555
grpo,GRPO,1234,937657,45,0.40625,7.213652134e-05,-1.490116119e-08,0.007215317339,0,1.588862062,2.048909664e-08,,,,,863.96875,0.4375,67.09941864,412.0303955,3891.2854
grpo,GRPO,1234,937657,46,0.3125,4.436820745e-05,-4.656612873e-09,0.004437560681,0,0.8806449175,0,,,,,953.625,0.6875,73.69718933,414.0727844,3802.589844
grpo,GRPO,1234,937657,47,0.625,6.338208914e-05,7.450580597e-09,0.006337544415,0,1.009885788,-7.450580597e-09,,,,,796.96875,0.375,62.17576218,410.1759338,3766.030273
grpo,GRPO,1234,937657,48,0.625,7.082894444e-05,3.725290298e-09,0.007083042525,0,0.6156685352,0,,,,,779.1875,0.40625,61.30478668,406.7219238,3725.053711
grpo,GRPO,1234,937657,49,0.5625,6.268359721e-05,-3.725290298e-09,0.006268620025,0,1.379919887,1.11758709e-08,,,,,901.59375,0.53125,70.22924042,410.8117981,3898.95752
reinforce_plus_plus,REINFORCE++,1234,937680,0,0.71875,-0.09208588302,-0.09208588302,,0,1.421478748,0.09208586812,0.6756414175,0.4681346714,0,1,887.90625,0.40625,276.9720459,102.5843582,2222.660645
reinforce_plus_plus,REINFORCE++,1234,937680,1,0.53125,-0.1143192425,-0.1143192425,,0,1.6129421,0.1143192425,0.4737524688,0.499224633,0,1,892.46875,0.5,70.4750061,405.2358398,3928.497314
reinforce_plus_plus,REINFORCE++,1234,937680,2,0.125,-0.02286399156,-0.02286399156,,0,1.456960201,0.02286399342,0.1174441427,0.3221000135,0,1,891.125,0.5625,70.32345581,405.4977112,3890.443359
reinforce_plus_plus,REINFORCE++,1234,937680,3,0.3125,-0.05187103897,-0.05187103897,,0,1.56452179,0.0518710278,0.2875471413,0.4553132355,0,1,982.5625,0.71875,74.95672607,419.4687195,4004.115234
reinforce_plus_plus,REINFORCE++,1234,937680,4,0.125,-0.01217672229,-0.01217672229,,0,1.49330914,0.01217672508,0.1215902641,0.3250821233,0,1,1013.375,0.90625,77.60500336,417.8596497,4012.550781
reinforce_plus_plus,REINFORCE++,1234,937680,5,0.40625,-0.04877407104,-0.04877407104,,0,1.432595491,0.04877407104,0.3821966052,0.4865839779,0,1,984.875,0.78125,74.72142029,421.7799683,4119.445801
reinforce_plus_plus,REINFORCE++,1234,937680,6,0.40625,-0.08436222374,-0.08436222374,,0,1.722567558,0.08436223865,0.3638550639,0.4818155766,0,1,939.84375,0.625,72.5330658,414.6384888,3953.507568
reinforce_plus_plus,REINFORCE++,1234,937680,7,0.25,-0.01391523704,-0.01391523704,,0,1.50968492,0.01391521469,0.2438645214,0.4264695346,0,1,1015.90625,0.875,77.13175964,421.4736023,4190.51416
reinforce_plus_plus,REINFORCE++,1234,937680,8,0.6875,-0.06546291709,-0.06546291709,,0,1.427246451,0.06546290219,0.6552831531,0.473079145,0,1,931.40625,0.40625,70.55040741,422.4638977,3997.307129
reinforce_plus_plus,REINFORCE++,1234,937680,9,0.4375,-0.05298158526,-0.05298158526,,0,1.581834793,0.05298160017,0.4105218053,0.491666615,0,1,978.59375,0.84375,75.0843277,417.0643921,3965.466553
reinforce_plus_plus,REINFORCE++,1234,937680,10,0.3125,-0.03345460072,-0.03345460072,,0,1.392347336,0.03345457464,0.2968356907,0.4589696527,0,1,1001.65625,0.8125,77.01042175,416.2164001,4012.750244
reinforce_plus_plus,REINFORCE++,1234,937680,11,0.625,-0.06738509238,-0.06738509238,,0,1.695433021,0.06738509983,0.5919145346,0.4891452491,0,1,911.40625,0.40625,70.30007935,414.8643799,3950.067139
reinforce_plus_plus,REINFORCE++,1234,937680,12,0.375,-0.04944328964,-0.04944328964,,0,1.630394101,0.04944328219,0.3492086828,0.4776320755,0,1,963.375,0.75,73.48490906,419.5147095,3967.108887
reinforce_plus_plus,REINFORCE++,1234,937680,13,0.53125,-0.1166282743,-0.1166282743,,0,1.654290199,0.1166282222,0.473484695,0.4991036057,0,1,886.96875,0.5,69.14041138,410.5124817,3897.654541
reinforce_plus_plus,REINFORCE++,1234,937680,14,0.59375,-0.1690156311,-0.1690156311,,0,1.701533556,0.1690156758,0.5069036484,0.4972804487,0,1,847.875,0.53125,66.40865326,408.5612183,3814.218994
reinforce_plus_plus,REINFORCE++,1234,937680,15,0.375,-0.09212107956,-0.09212107956,,0,1.619298458,0.09212105721,0.3294644952,0.469819665,0,1,957.5,0.78125,73.32785034,417.8494263,3961.050293
reinforce_plus_plus,REINFORCE++,1234,937680,16,0.3125,-0.148952648,-0.148952648,,0,1.729351044,0.1489526927,0.247138232,0.4320545197,0,1,926.5625,0.65625,71.56832886,414.2893982,3928.624512
reinforce_plus_plus,REINFORCE++,1234,937680,17,0.71875,-0.1027249545,-0.1027249545,,0,1.464043736,0.1027248949,0.6677875519,0.4683975577,0,1,864.4375,0.375,67.15705872,411.900116,3921.983398
reinforce_plus_plus,REINFORCE++,1234,937680,18,0.625,-0.05786865205,-0.05786865205,,0,1.457846165,0.05786861852,0.5958583355,0.4890452325,0,1,951.8125,0.5625,72.59725189,419.5475464,3987.276367
reinforce_plus_plus,REINFORCE++,1234,937680,19,0.6875,-0.07738748193,-0.07738748193,,0,1.546667814,0.07738743722,0.648029387,0.4737975597,0,1,915.6875,0.46875,72.97164917,401.5532227,3951.726807
reinforce_plus_plus,REINFORCE++,1234,937680,20,0.46875,-0.09424546361,-0.09424546361,,0,1.563182712,0.09424546361,0.4163269103,0.4951426089,0,1,879.375,0.46875,68.43891144,411.1695862,3912.67334
reinforce_plus_plus,REINFORCE++,1234,937680,21,0.6875,-0.09330423176,-0.09330423176,,0,1.475099325,0.09330425411,0.6388293505,0.4802571237,0,1,894.5,0.5,69.47814941,411.9856567,4056.500977
reinforce_plus_plus,REINFORCE++,1234,937680,22,0.5,-0.05796425045,-0.05796425045,,0,1.492979884,0.05796428025,0.4699532092,0.4944458306,0,1,956.59375,0.625,73.67378998,415.4937439,3993.831299
reinforce_plus_plus,REINFORCE++,1234,937680,23,0.8125,-0.03217022493,-0.03217022493,,0,1.438822269,0.03217026219,0.7919045687,0.4010874331,0,1,958.90625,0.5625,72.80718994,421.455658,3978.801758
reinforce_plus_plus,REINFORCE++,1234,937680,24,0.53125,-0.08996652812,-0.08996652812,,0,1.606483698,0.08996647596,0.4802550375,0.496904552,0,1,905.46875,0.53125,70.88954926,408.734436,3909.909912
reinforce_plus_plus,REINFORCE++,1234,937680,25,0.28125,-0.03418645263,-0.03418645263,,0,1.60963881,0.0341864638,0.2593870163,0.4373779893,0,1,1002.875,0.84375,77.99533844,411.4604797,4004.984131
reinforce_plus_plus,REINFORCE++,1234,937680,26,0.6875,-0.1441635489,-0.1441635489,,0,1.644703507,0.144163534,0.6089268327,0.4888314307,0,1,804.28125,0.3125,63.23535919,407.0033264,3860.936523
reinforce_plus_plus,REINFORCE++,1234,937680,27,0.59375,-0.0936883539,-0.0936883539,,0,1.471584916,0.09368836135,0.5423154831,0.4973203242,0,1,915.1875,0.59375,70.79514313,413.6724548,3917.853027
reinforce_plus_plus,REINFORCE++,1234,937680,28,0.46875,-0.1443846524,-0.1443846524,,0,1.633537292,0.1443846375,0.3902125657,0.4875894487,0,1,829.78125,0.5,65.55348206,405.0585632,3821.611572
reinforce_plus_plus,REINFORCE++,1234,937680,29,0.65625,-0.1829445362,-0.1829445362,,0,1.90656209,0.1829445362,0.5556130409,0.4968029559,0,1,689.875,0.25,57.13884735,386.3571167,3660.77002
reinforce_plus_plus,REINFORCE++,1234,937680,30,0.3125,-0.09662116319,-0.09662116319,,0,1.655881047,0.09662118554,0.2643584311,0.4422468543,0,1,963.59375,0.75,73.36985016,420.2680054,3980.549072
reinforce_plus_plus,REINFORCE++,1234,937680,31,0.3125,-0.06933153421,-0.06933153421,,0,1.665019035,0.06933154911,0.2784112692,0.4481519163,0,1,979.4375,0.75,77.21013641,405.9311523,3967.647705
reinforce_plus_plus,REINFORCE++,1234,937680,32,0.875,-0.09268005937,-0.09268005937,,0,1.287675023,0.09268003702,0.8334493637,0.3648846745,0,1,751.65625,0.125,59.60386658,403.5476685,3811.329102
reinforce_plus_plus,REINFORCE++,1234,937680,33,0.65625,-0.07280755043,-0.07280755043,,0,1.599032879,0.07280755788,0.6089008451,0.4888420105,0,1,845.34375,0.3125,64.60157013,418.7359619,3922.889404
reinforce_plus_plus,REINFORCE++,1234,937680,34,0.25,-0.1243171245,-0.1243171245,,0,1.69069016,0.1243171245,0.1904653162,0.3926663399,0,1,960.21875,0.75,74.59933472,411.8937683,3971.498535
reinforce_plus_plus,REINFORCE++,1234,937680,35,0.78125,-0.0266777426,-0.0266777426,,0,1.534666538,0.0266777277,0.7563400865,0.4198798239,0,1,918.375,0.4375,72.09267426,407.6419678,3949.99585
reinforce_plus_plus,REINFORCE++,1234,937680,36,0.5,-0.02601719089,-0.02601719089,,0,1.627921581,0.02601718158,0.4774905443,0.4982511103,0,1,954.0625,0.6875,74.4203186,410.2374268,3954.813477
reinforce_plus_plus,REINFORCE++,1234,937680,37,0.4375,-0.2393460572,-0.2393460572,,0,1.863184571,0.2393460572,0.31370309,0.4646044075,0,1,824.875,0.53125,65.12934875,405.2857971,3775.99585
reinforce_plus_plus,REINFORCE++,1234,937680,38,0.71875,-0.08040061593,-0.08040061593,,0,1.448693037,0.08040059358,0.6700655222,0.4634577632,0,1,901.0625,0.4375,69.49098206,414.9315491,3936.50415
reinforce_plus_plus,REINFORCE++,1234,937680,39,0.46875,0.01723066717,0.01723066717,,0,1.576061487,-0.01723069139,0.460703969,0.4929825962,0,1,969.28125,0.6875,75.1127243,412.9393616,3985.965576
reinforce_plus_plus,REINFORCE++,1234,937680,40,0.28125,-0.2866994739,-0.2866994739,,0,2.535161018,0.2866994739,0.1579451263,0.3792158961,0,1,848,0.65625,67.76869965,400.4208374,3802.710693
reinforce_plus_plus,REINFORCE++,1234,937680,41,0.65625,-0.114855215,-0.114855215,,0,1.582530618,0.1148552299,0.5839189291,0.4902170897,0,1,880.25,0.5625,69.2793045,406.5860596,3870.135742
reinforce_plus_plus,REINFORCE++,1234,937680,42,0.875,-0.1154732555,-0.1154732555,,0,1.372173905,0.115473263,0.8134268522,0.3767364323,0,1,757.375,0.3125,59.26718903,408.9277954,3805.400146
reinforce_plus_plus,REINFORCE++,1234,937680,43,0.5,-0.05106339231,-0.05106339231,,0,1.568479061,0.05106341466,0.4542162418,0.4940558374,0,1,953.5,0.65625,72.7602005,419.3501282,3959.601074
reinforce_plus_plus,REINFORCE++,1234,937680,44,0.46875,-0.1130916476,-0.1130916476,,0,1.612187505,0.1130916849,0.3950961828,0.4890843034,0,1,926.21875,0.65625,72.19978333,410.5137024,3932.214355
reinforce_plus_plus,REINFORCE++,1234,937680,45,0.40625,-0.1194230616,-0.1194230616,,0,1.854911208,0.1194230169,0.3334206045,0.470791012,0,1,893.71875,0.46875,69.89472198,409.1725159,3907.225098
reinforce_plus_plus,REINFORCE++,1234,937680,46,0.46875,-0.1029430926,-0.1029430926,,0,1.586957216,0.1029430851,0.3974145949,0.4943544567,0,1,922.96875,0.5625,71.56832886,412.6825256,3942.685791
reinforce_plus_plus,REINFORCE++,1234,937680,47,0.625,-0.1946527511,-0.1946527511,,0,1.619748831,0.1946526766,0.5096881986,0.5010112524,0,1,787.40625,0.34375,62.42072678,403.6639709,3771.790527
reinforce_plus_plus,REINFORCE++,1234,937680,48,0.46875,-0.1370740831,-0.1370740831,,0,1.886856079,0.1370741129,0.3803368509,0.4880236685,0,1,776.3125,0.46875,60.45247269,410.9343872,3710.168213
reinforce_plus_plus,REINFORCE++,1234,937680,49,0.53125,-0.0597165823,-0.0597165823,,0,1.568724871,0.059716627,0.4816106558,0.494803369,0,1,893.15625,0.53125,69.72628021,409.902832,3899.674561
reinforce_plus_plus_baseline,REINFORCE++-baseline,1234,937656,0,0.71875,0.0040551126,0.0040551126,0,0,1.196239352,-0.004055116326,0.001189962961,0.29344666,0,1,869.90625,0.34375,274.444458,101.4303589,2216.719238
reinforce_plus_plus_baseline,REINFORCE++-baseline,1234,937656,1,0.5625,-0.04654565454,-0.04655204713,0.0006400470738,0,1.574155807,0.04655206203,-0.02031486295,0.4363904297,0,1,909.125,0.53125,70.72133636,411.3609924,3930.535889
reinforce_plus_plus_baseline,REINFORCE++-baseline,1234,937656,2,0.125,-0.01359965,-0.01360438392,0.0004734124814,0,1.386428952,0.01360439137,-0.003996666986,0.2937780023,0,1,853.25,0.59375,67.15836334,406.5614014,3824.754395
reinforce_plus_plus_baseline,REINFORCE++-baseline,1234,937656,3,0.28125,-0.03713117167,-0.03713752329,0.0006339801475,0,1.660186052,0.03713751584,-0.01503653266,0.4048878253,0,1,996.53125,0.84375,75.60370636,421.7915039,3968.212158
reinforce_plus_plus_baseline,REINFORCE++-baseline,1234,937656,4,0.09375,-0.008099969476,-0.008106004447,0.0006043728208,0,1.44177413,0.008106009103,-0.002193387598,0.2705878317,0,1,1015.125,0.90625,77.98010254,416.5678101,3901.611572
reinforce_plus_plus_baseline,REINFORCE++-baseline,1234,937656,5,0.53125,-0.04014683515,-0.04015278071,0.0005961047718,0,1.534220457,0.04015277326,-0.01629034802,0.405709058,0,1,982.65625,0.71875,74.2314682,423.6074219,3989.658936
reinforce_plus_plus_baseline,REINFORCE++-baseline,1234,937656,6,0.34375,-0.05814852938,-0.05815530568,0.0006746686413,0,1.609927893,0.05815531313,-0.01722851396,0.2962500155,0,1,963.15625,0.65625,73.50093842,419.3280029,3974.710449
reinforce_plus_plus_baseline,REINFORCE++-baseline,1234,937656,7,0.3125,-0.0324119702,-0.03241944313,0.0007483192603,0,1.535050631,0.03241941333,-0.01168022491,0.3602847159,0,1,994.9375,0.875,74.97293854,424.6598816,4004.277588
reinforce_plus_plus_baseline,REINFORCE++-baseline,1234,937656,8,0.78125,-0.01898831129,-0.01899437606,0.0006062198081,0,1.410125732,0.01899437606,-0.005373463966,0.2828977406,0,1,933.40625,0.375,70.99491882,420.7202454,3989.837158
reinforce_plus_plus_baseline,REINFORCE++-baseline,1234,937656,9,0.5,-0.009759593755,-0.009766757488,0.0007162192487,0,1.424926639,0.009766752832,-0.00324015459,0.3317545056,0,1,937.9375,0.625,72.03419495,416.663208,3927.857178
reinforce_plus_plus_baseline,REINFORCE++-baseline,1234,937656,10,0.28125,-0.001648722216,-0.00165588595,0.0007166356081,0,1.407842994,0.001655885018,-0.0004517610942,0.2728191912,0,1,1020.3125,0.96875,77.55712128,420.9800415,4011.334961
reinforce_plus_plus_baseline,REINFORCE++-baseline,1234,937656,11,0.53125,-0.03752467036,-0.03753272071,0.0008053010097,0,1.604794383,0.03753271699,-0.01555845607,0.4145308137,0,1,909.875,0.53125,69.51351929,418.8537598,3915.749023
reinforce_plus_plus_baseline,REINFORCE++-baseline,1234,937656,12,0.28125,-0.01957229339,-0.01958114281,0.000884576817,0,1.672821283,0.01958113164,-0.005329573061,0.2721788287,0,1,916.90625,0.78125,70.83345795,414.2251587,3883.317871
reinforce_plus_plus_baseline,REINFORCE++-baseline,1234,937656,13,0.5,-0.0233011283,-0.02331047878,0.0009360810509,0,1.624627709,0.02331047878,-0.008623126894,0.3699247241,0,1,884.25,0.4375,68.82975006,411.1012878,3907.197266
reinforce_plus_plus_baseline,REINFORCE++-baseline,1234,937656,14,0.53125,-0.02160231397,-0.02161229402,0.0009972964181,0,1.33770752,0.02161228657,-0.006387830712,0.2955648303,0,1,853.0625,0.46875,65.54772949,416.4598999,3826.514648
reinforce_plus_plus_baseline,REINFORCE++-baseline,1234,937656,15,0.375,9.037554264e-06,-1.490116119e-08,0.000905399269,0,1.420157552,1.490116119e-08,0,0.3110659122,0,1,992.125,0.84375,74.9445343,423.6199646,3998.725342
reinforce_plus_plus_baseline,REINFORCE++-baseline,1234,937656,16,0.34375,-0.005355928093,-0.005365245044,0.0009330434841,0,1.6800071,0.005365238525,-0.001564905047,0.2916749716,0,1,913.59375,0.71875,71.66585541,407.9348755,3892.189941
reinforce_plus_plus_baseline,REINFORCE++-baseline,1234,937656,17,0.65625,-0.05013543367,-0.05014780164,0.001238037366,0,1.485794663,0.05014781654,-0.01440349128,0.2872206867,0,1,889.8125,0.4375,68.14467621,417.846283,3942.664307
reinforce_plus_plus_baseline,REINFORCE++-baseline,1234,937656,18,0.625,-0.05292458087,-0.0529362075,0.001163396984,0,1.430979967,0.05293619633,-0.01726411656,0.3261305392,0,1,941.9375,0.5625,71.08466339,424.0296021,3972.820801
reinforce_plus_plus_baseline,REINFORCE++-baseline,1234,937656,19,0.8125,-0.02801392227,-0.02802556008,0.001163286157,0,1.986991167,0.02802554145,-0.010022128,0.3576069474,0,1,910.875,0.40625,71.45480347,407.9222107,3954.529053
reinforce_plus_plus_baseline,REINFORCE++-baseline,1234,937656,20,0.46875,0.06951591372,0.06950297952,0.00129151321,0,1.836659789,-0.06950298697,0.009925113991,0.1428012401,0,1,872.15625,0.46875,66.45942688,419.9404602,3894.043457
reinforce_plus_plus_baseline,REINFORCE++-baseline,1234,937656,21,0.6875,-0.03445906937,-0.0344744958,0.001543555642,0,1.391607523,0.034474466,-0.0134782847,0.3909638524,0,1,872.0625,0.46875,67.44315338,413.7707214,3898.373535
reinforce_plus_plus_baseline,REINFORCE++-baseline,1234,937656,22,0.65625,-0.03192596138,-0.03194165975,0.001569889253,0,1.411587954,0.0319416523,-0.01180959865,0.3697239757,0,1,949.96875,0.625,72.41277313,419.8016357,3966.573242
reinforce_plus_plus_baseline,REINFORCE++-baseline,1234,937656,23,0.84375,-0.01611668617,-0.01613553613,0.001884526806,0,1.396550894,0.01613554731,-0.005375204142,0.3331281543,0,1,957.8125,0.40625,74.25054932,412.7915344,3997.11084
reinforce_plus_plus_baseline,REINFORCE++-baseline,1234,937656,24,0.5625,-0.02299582958,-0.02301548794,0.001965822186,0,1.678331494,0.02301549539,-0.008096241392,0.3517735302,0,1,889.6875,0.53125,68.66040039,414.6495056,3886.349365
reinforce_plus_plus_baseline,REINFORCE++-baseline,1234,937656,25,0.46875,-0.0285987705,-0.02861906588,0.002029784024,0,1.719631433,0.02861906588,-0.01210706867,0.4230422676,0,1,979.21875,0.75,74.88259888,418.4550171,3978.588135
reinforce_plus_plus_baseline,REINFORCE++-baseline,1234,937656,26,0.65625,0.02774529159,0.0277236551,0.002164105186,0,2.074009895,-0.02772367001,0.006277138833,0.2264180928,0,1,777.25,0.28125,59.4933815,418.0632935,3819.986572
reinforce_plus_plus_baseline,REINFORCE++-baseline,1234,937656,27,0.625,-0.02849982865,-0.02852073871,0.002090023598,0,1.498241067,0.02852073126,-0.01029535942,0.3609778285,0,1,888.21875,0.5625,69.21123505,410.6703186,3893.154053
reinforce_plus_plus_baseline,REINFORCE++-baseline,1234,937656,28,0.6875,-0.03478460759,-0.03480903804,0.002444046317,0,1.390118122,0.03480902314,-0.01255041268,0.3605504036,0,1,813.59375,0.34375,63.2323761,411.73526,3856.85083
reinforce_plus_plus_baseline,REINFORCE++-baseline,1234,937656,29,0.6875,0.05230670422,0.0522775054,0.002919664374,0,3.173790455,-0.0522775203,0.009905843064,0.1894856691,0,1,725.1875,0.28125,58.35839081,397.6463318,3702.824219
reinforce_plus_plus_baseline,REINFORCE++-baseline,1234,937656,30,0.3125,-0.01934942231,-0.01937191933,0.002248770325,0,1.620538831,0.01937191933,-0.004185322206,0.2160509825,0,1,963.1875,0.71875,72.37787628,425.8483582,3975.306641
reinforce_plus_plus_baseline,REINFORCE++-baseline,1234,937656,31,0.5625,-0.03781125695,-0.03784034029,0.002906208392,0,1.6712569,0.03784031793,-0.01533441804,0.4052402377,0,1,941,0.5,72.96253204,412.7049561,3948.225342
reinforce_plus_plus_baseline,REINFORCE++-baseline,1234,937656,32,0.875,-0.01724261045,-0.0172768943,0.003427715041,0,1.542356014,0.01727688871,-0.005680162925,0.3287721276,0,1,750.96875,0.09375,58.55144119,410.425415,3820.502441
reinforce_plus_plus_baseline,REINFORCE++-baseline,1234,937656,33,0.71875,-0.01220300794,-0.01223533601,0.003231341951,0,1.368068576,0.01223531365,-0.003622855758,0.2960981429,0,1,850.71875,0.3125,64.6916275,420.8117981,3897.900146
reinforce_plus_plus_baseline,REINFORCE++-baseline,1234,937656,34,0.25,2.501927156e-05,0,0.002501927316,0,0.01228037849,0,0,0,0,0,972.53125,0.78125,74.32326508,418.724884,3963.224854
reinforce_plus_plus_baseline,REINFORCE++-baseline,1234,937656,35,0.6875,-0.04654381424,-0.04657747597,0.003367505968,0,1.632661462,0.04657749832,-0.02006985433,0.4308916926,0,1,872.34375,0.3125,68.38446045,408.2067871,3900.772217
reinforce_plus_plus_baseline,REINFORCE++-baseline,1234,937656,36,0.5625,0.01416918263,0.0141316019,0.003757902887,0,1.857563615,-0.01413160563,0.004980518483,0.3524384499,0,1,922.34375,0.5625,70.30169678,419.8334045,3921.269043
reinforce_plus_plus_baseline,REINFORCE++-baseline,1234,937656,37,0.40625,-0.06491015851,-0.06495060027,0.004043420777,0,1.839226127,0.06495060027,-0.01660089567,0.2555926442,0,1,823.5625,0.53125,64.07000732,411.3312988,3777.938232
reinforce_plus_plus_baseline,REINFORCE++-baseline,1234,937656,38,0.75,3.920080417e-05,0,0.00392008014,0,0.01745021902,0,0,0,0,0,837.65625,0.3125,65.56742859,408.8157959,3898.196045
reinforce_plus_plus_baseline,REINFORCE++-baseline,1234,937656,39,0.65625,-0.03769098967,-0.037733078,0.004209368955,0,1.65931046,0.03773308173,-0.0105255777,0.2789483368,0,1,947.46875,0.5,72.61437225,417.5344238,3974.244141
reinforce_plus_plus_baseline,REINFORCE++-baseline,1234,937656,40,0.34375,5.323439837e-05,0,0.005322699435,0,1.435121059,1.676380634e-08,0,0.2973338664,0,1,859.65625,0.71875,66.29807281,414.9290771,3804.554688
reinforce_plus_plus_baseline,REINFORCE++-baseline,1234,937656,41,0.5625,-0.04889404774,-0.04893717915,0.004314974882,0,1.433589458,0.04893719405,-0.02334550582,0.4770503938,0,1,915.59375,0.65625,70.60540771,414.9682007,3911.890625
reinforce_plus_plus_baseline,REINFORCE++-baseline,1234,937656,42,0.875,-0.01420604065,-0.01426076144,0.005472504999,0,1.363427758,0.01426072419,-0.004083391279,0.2863385081,0,1,761.46875,0.1875,59.04850769,412.6607361,3826.686768
reinforce_plus_plus_baseline,REINFORCE++-baseline,1234,937656,43,0.46875,-0.02440368012,-0.0244521331,0.00484478334,0,1.583803058,0.02445213869,-0.009641671553,0.394307822,0,1,960.1875,0.625,73.50740051,417.9987488,3965.0896
reinforce_plus_plus_baseline,REINFORCE++-baseline,1234,937656,44,0.25,-0.03888574243,-0.03893306851,0.004730817862,0,1.802770257,0.03893308342,-0.0151484916,0.3890907466,0,1,939.65625,0.65625,71.00016785,423.5060425,3939.476807
reinforce_plus_plus_baseline,REINFORCE++-baseline,1234,937656,45,0.46875,-0.05985924229,-0.05991923064,0.00599764334,0,2.060282946,0.05991920829,-0.01563184522,0.2608819604,0,1,855.875,0.375,66.3863678,412.5545654,3883.602295
reinforce_plus_plus_baseline,REINFORCE++-baseline,1234,937656,46,0.5625,-0.02107237279,-0.0211160779,0.004371684976,0,1.484029889,0.02111606859,-0.009070134722,0.4295363724,0,1,940.15625,0.53125,72.97239685,412.2791748,3961.419922
reinforce_plus_plus_baseline,REINFORCE++-baseline,1234,937656,47,0.625,-0.01437696442,-0.0144444257,0.006744798739,0,1.294365883,0.01444441825,-0.004632730503,0.3207274377,0,1,839.8125,0.40625,65.41694641,410.8110046,3826.789795
reinforce_plus_plus_baseline,REINFORCE++-baseline,1234,937656,48,0.4375,0.01062904298,0.01058023423,0.004878768232,0,2.303564072,-0.01058023423,0.003300677054,0.3119651973,0,1,743.21875,0.40625,57.06199646,416.7922974,3698.541016
reinforce_plus_plus_baseline,REINFORCE++-baseline,1234,937656,49,0.59375,-0.01572121307,-0.01578807086,0.006685904693,0,1.556147218,0.01578807458,-0.004448033404,0.2817338109,0,1,875.5625,0.375,67.92059326,412.5111389,3919.654053
grpo,GRPO,2026,937688,0,0.6875,0,0,0,0,1.204400659,0,,,,,872.75,0.375,272.9689026,102.3120193,2554.064941
grpo,GRPO,2026,937688,1,0.53125,6.27245754e-06,-1.862645149e-08,0.000629576738,0,1.370169044,1.490116119e-08,,,,,891.78125,0.5625,69.94814301,407.9736938,3901.810303
grpo,GRPO,2026,937688,2,0.28125,5.080364645e-06,9.313225746e-10,0.0005089057377,0,1.150616407,-9.313225746e-10,,,,,911.09375,0.59375,69.88126373,417.2077026,3903.826172
grpo,GRPO,2026,937688,3,0.21875,6.891787052e-06,0,0.0006890864461,0,1.005354881,3.725290298e-09,,,,,1009.46875,0.90625,75.54003143,427.627594,4003.55249
grpo,GRPO,2026,937688,4,0,6.378572834e-06,0,0.0006378572434,0,0.001783838612,0,,,,,1023.71875,0.96875,77.19744873,424.3533936,3997.475342
grpo,GRPO,2026,937688,5,0.53125,5.477108061e-06,-6.519258022e-09,0.0005493126228,0,1.330126405,0,,,,,966.28125,0.71875,73.69901276,419.5578308,3974.192627
grpo,GRPO,2026,937688,6,0.375,8.061528206e-06,0,0.0008059143438,0,1.131022573,0,,,,,966.6875,0.6875,72.94075012,424.0976257,3973.526123
grpo,GRPO,2026,937688,7,0.5,6.780028343e-06,-3.725290298e-09,0.0006795508671,0,1.459489107,-3.725290298e-09,,,,,982.21875,0.71875,73.66760254,426.659729,4001.890381
grpo,GRPO,2026,937688,8,0.5625,6.578862667e-06,-7.450580597e-09,0.0006590064149,0,1.349579096,0,,,,,968.90625,0.59375,72.57943726,427.1871033,4008.233398
grpo,GRPO,2026,937688,9,0.5,6.794929504e-06,7.450580597e-09,0.0006795768277,0,1.20543468,0,,,,,947.71875,0.75,71.66829681,423.1578064,3940.4729
grpo,GRPO,2026,937688,10,0.25,7.112510502e-06,2.793967724e-09,0.0007106167031,0,0.9634420872,-2.793967724e-09,,,,,1015.125,0.875,77.53103638,418.9805908,4006.175293
grpo,GRPO,2026,937688,11,0.625,8.158385754e-06,-1.862645149e-09,0.0008162623271,0,1.475632668,0,,,,,923.6875,0.53125,70.46831512,419.4509277,3920.674805
grpo,GRPO,2026,937688,12,0.3125,8.061528206e-06,0,0.0008070499171,0,0.6265236139,0,,,,,945.25,0.78125,72.06751251,419.7175598,3930.458008
grpo,GRPO,2026,937688,13,0.59375,9.98005271e-06,0,0.0009983328637,0,1.337787032,0,,,,,884.90625,0.46875,67.3640213,420.3579407,3922.896729
grpo,GRPO,2026,937688,14,0.53125,1.036468893e-05,-5.587935448e-09,0.001036741072,0,0.7280291319,5.587935448e-09,,,,,858.03125,0.5625,66.33230591,413.9310303,3810.804443
grpo,GRPO,2026,937688,15,0.21875,9.874813259e-06,-5.587935448e-09,0.0009882202139,0,0.9884100556,5.587935448e-09,,,,,969.96875,0.8125,72.89825439,425.7852478,3956.156982
grpo,GRPO,2026,937688,16,0.40625,9.575858712e-06,3.725290298e-09,0.0009572044946,0,0.6463773251,0,,,,,916.0625,0.6875,70.90319824,413.4369202,3895.863525
grpo,GRPO,2026,937688,17,0.71875,1.172721386e-05,0,0.001172804274,0,1.269021273,-3.725290298e-09,,,,,921.5625,0.46875,70.21862793,419.9740601,3937.077148
grpo,GRPO,2026,937688,18,0.625,1.046434045e-05,1.11758709e-08,0.001044922625,0,1.212476373,-7.450580597e-09,,,,,968.46875,0.5625,73.08022308,424.0682068,3999.254395
grpo,GRPO,2026,937688,19,0.78125,1.285970211e-05,0,0.001285306178,0,1.204462051,1.862645149e-09,,,,,915.53125,0.4375,70.42127991,416.0248108,3950.645508
grpo,GRPO,2026,937688,20,0.53125,1.209229231e-05,7.450580597e-09,0.001208289876,0,1.02559185,-6.519258022e-09,,,,,874.4375,0.34375,66.16426849,422.9171143,3909.72998
grpo,GRPO,2026,937688,21,0.71875,1.510232687e-05,7.450580597e-09,0.001509492984,0,0.9739625454,7.450580597e-09,,,,,890.3125,0.46875,68.96656036,413.0987854,3634.501221
grpo,GRPO,2026,937688,22,0.53125,1.630187035e-05,-1.11758709e-08,0.001630905783,0,1.432927012,0,,,,,951.03125,0.59375,72.21226501,421.4381104,3980.705322
grpo,GRPO,2026,937688,23,0.875,1.87009573e-05,7.450580597e-09,0.001868771506,0,1.183976293,1.862645149e-09,,,,,932.71875,0.34375,71.48321533,417.5385742,3982.055664
grpo,GRPO,2026,937688,24,0.5,2.194847912e-05,-8.381903172e-09,0.002195381327,0,1.584624529,1.490116119e-08,,,,,892.6875,0.53125,68.59986877,416.4147949,3887.268799
grpo,GRPO,2026,937688,25,0.46875,2.155825496e-05,7.450580597e-09,0.002155495808,0,1.4071033,-5.587935448e-09,,,,,927.46875,0.5625,71.38307953,415.770813,3943.764893
grpo,GRPO,2026,937688,26,0.65625,2.544559538e-05,0,0.002544475021,0,1.148201704,5.587935448e-09,,,,,793.84375,0.28125,62.06643677,409.2872314,3867.315918
grpo,GRPO,2026,937688,27,0.65625,2.397317439e-05,-7.450580597e-09,0.00239829882,0,1.231742978,7.450580597e-09,,,,,891.125,0.59375,68.30850983,417.4589844,3888.727295
grpo,GRPO,2026,937688,28,0.8125,2.965703607e-05,7.450580597e-09,0.002965389751,0,1.483293176,0,,,,,803.6875,0.25,63.44718552,405.3450012,3843.641113
grpo,GRPO,2026,937688,29,0.75,3.17092381e-05,0,0.003170923796,0,0.01775881462,0,,,,,694.53125,0.25,55.18328094,402.7488098,3646.485107
grpo,GRPO,2026,937688,30,0.4375,2.841278911e-05,0,0.002841290785,0,0.7565095425,0,,,,,921.5,0.59375,70.46016693,418.5059814,3945.85791
grpo,GRPO,2026,937688,31,0.5,3.613717854e-05,9.313225746e-09,0.003612989094,0,7.920454979,-3.725290298e-09,,,,,923.59375,0.625,76.22875214,387.7145996,3883.31543
grpo,GRPO,2026,937688,32,0.90625,3.935955465e-05,3.725290298e-09,0.003935779911,0,1.039310336,-1.11758709e-08,,,,,700.4375,0.0625,54.6453743,410.171936,3745.827148
grpo,GRPO,2026,937688,33,0.59375,4.618056118e-05,0,0.004618040286,0,1.058722377,9.313225746e-10,,,,,779.03125,0.21875,59.570961,418.475708,3833.292725
grpo,GRPO,2026,937688,34,0.28125,3.496930003e-05,-5.587935448e-09,0.003497116035,0,0.8575578332,5.587935448e-09,,,,,949.71875,0.71875,72.09762573,421.5256653,3953.484375
grpo,GRPO,2026,937688,35,0.6875,4.24683094e-05,-1.11758709e-08,0.004247696605,0,1.452617526,-1.862645149e-09,,,,,870.34375,0.375,67.210495,414.3846741,3894.057129
grpo,GRPO,2026,937688,36,0.53125,4.733353853e-05,0,0.00473328447,0,1.371487856,5.587935448e-09,,,,,902.03125,0.46875,70.1888504,411.2476501,3916.886963
grpo,GRPO,2026,937688,37,0.5625,4.218518734e-05,0,0.004218101036,0,0.6665886641,-3.725290298e-09,,,,,784.5625,0.4375,61.50524139,408.1928406,3770.248779
grpo,GRPO,2026,937688,38,0.75,4.543470277e-05,0,0.004543469287,0,0.01846908405,0,,,,,865.75,0.25,66.64073181,415.7217102,3902.926025
grpo,GRPO,2026,937688,39,0.46875,5.11277467e-05,9.313225746e-10,0.005113981199,0,1.457517147,-7.450580597e-09,,,,,962.9375,0.625,73.43997955,419.580719,3976.479248
grpo,GRPO,2026,937688,40,0.3125,5.332194269e-05,3.725290298e-09,0.005331873428,0,0.7114425302,-3.725290298e-09,,,,,877.15625,0.65625,66.49016571,422.1526489,3832.689697
grpo,GRPO,2026,937688,41,0.59375,5.353987217e-05,3.725290298e-09,0.005353468005,0,1.559086442,-6.519258022e-09,,,,,892.90625,0.59375,69.44619751,411.4408264,3881.752441
grpo,GRPO,2026,937688,42,0.75,5.950964987e-05,0,0.005951102357,0,0.9916813374,1.862645149e-09,,,,,734.03125,0.21875,57.0240593,411.9138489,3763.194092
grpo,GRPO,2026,937688,43,0.53125,6.757117808e-05,-1.11758709e-08,0.006758016068,0,1.116944909,9.313225746e-09,,,,,895.5,0.46875,67.86907196,422.2247314,3924.948486
grpo,GRPO,2026,937688,44,0.40625,4.857592285e-05,1.11758709e-08,0.004857005551,0,1.351013899,-3.725290298e-09,,,,,959.15625,0.65625,71.93926239,426.6515808,4084.04126
grpo,GRPO,2026,937688,45,0.34375,8.508190513e-05,1.490116119e-08,0.008506287821,0,1.227772832,-1.490116119e-08,,,,,753.0625,0.3125,59.24132156,406.776886,3743.519043
grpo,GRPO,2026,937688,46,0.5,5.9902668e-05,-1.490116119e-08,0.005991598591,0,1.284727573,7.450580597e-09,,,,,939.125,0.625,71.52478027,420.1620789,3946.109375
grpo,GRPO,2026,937688,47,0.6875,7.554516196e-05,-3.725290298e-09,0.007555554155,0,0.995824039,1.862645149e-09,,,,,750,0.25,59.49497223,403.3954468,3692.996826
grpo,GRPO,2026,937688,48,0.5,6.907433271e-05,0,0.006907337345,0,1.404720664,0,,,,,744.5625,0.40625,57.97621155,410.9616394,3697.435791
grpo,GRPO,2026,937688,49,0.5625,6.803870201e-05,1.11758709e-08,0.006803841796,0,1.474538565,-1.862645149e-09,,,,,845.8125,0.375,65.32917023,414.3019409,3865.859375
reinforce_plus_plus,REINFORCE++,2026,937689,0,0.8125,-0.04436397552,-0.04436397552,,0,1.397459745,0.04436397552,0.7945764661,0.4040107727,0,1,895.40625,0.375,278.0490417,103.0501709,2129.185059
reinforce_plus_plus,REINFORCE++,2026,937689,1,0.71875,-0.1123095304,-0.1123095304,,0,1.559779763,0.1123095453,0.6656540036,0.4731072783,0,1,861.59375,0.375,67.51385498,408.3754272,3915.92334
reinforce_plus_plus,REINFORCE++,2026,937689,2,0.1875,-0.01219685748,-0.01219685748,,0,1.596171141,0.01219684724,0.1823783368,0.3866365254,0,1,889.28125,0.625,69.91342163,407.0320129,3870.875
reinforce_plus_plus,REINFORCE++,2026,937689,3,0.1875,-0.02198857069,-0.02198857069,,0,1.548164845,0.02198857442,0.1795818955,0.3839582801,0,1,995.90625,0.84375,76.09472656,418.8069458,3997.631348
reinforce_plus_plus,REINFORCE++,2026,937689,4,0.09375,0.002793122083,0.002793122083,,0,1.569228888,-0.002793139778,0.09412229806,0.29333812,0,1,1014.71875,0.96875,78.67505646,412.7229309,3994.936035
reinforce_plus_plus,REINFORCE++,2026,937689,5,0.53125,-0.03534788638,-0.03534788638,,0,1.468511701,0.03534790128,0.5146964192,0.4999308288,0,1,986.8125,0.78125,75.76364136,416.7962036,3995.995117
reinforce_plus_plus,REINFORCE++,2026,937689,6,0.40625,-0.08672777563,-0.08672777563,,0,1.639822125,0.08672776818,0.3637056053,0.4808997512,0,1,952.09375,0.65625,74.15699005,410.8446045,4078.234619
reinforce_plus_plus,REINFORCE++,2026,937689,7,0.21875,-0.008652742952,-0.008652742952,,0,1.520069242,0.008652698249,0.2165052742,0.4119447768,0,1,1019.375,0.9375,78.21380615,417.0619202,4020.94043
reinforce_plus_plus,REINFORCE++,2026,937689,8,0.75,-0.04419821501,-0.04419821501,,0,1.437620163,0.04419824481,0.7308793664,0.444306761,0,1,949,0.59375,72.86210632,416.7872925,3950.490234
reinforce_plus_plus,REINFORCE++,2026,937689,9,0.40625,-0.06549024582,-0.06549024582,,0,1.709012747,0.06549024582,0.3745328188,0.4833693504,0,1,968.09375,0.78125,75.38877869,410.9232483,3913.169922
reinforce_plus_plus,REINFORCE++,2026,937689,10,0.25,-0.004954662174,-0.004954662174,,0,1.449841976,0.004954669625,0.2472470552,0.4297107458,0,1,1021.09375,0.96875,79.06803131,413.2517395,4017.460693
reinforce_plus_plus,REINFORCE++,2026,937689,11,0.5625,-0.07050379366,-0.07050379366,,0,1.588806748,0.07050380856,0.5256983042,0.5000931621,0,1,947.8125,0.5625,73.09825134,414.92099,3965.424316
reinforce_plus_plus,REINFORCE++,2026,937689,12,0.21875,-0.04404214397,-0.04404214397,,0,1.652038574,0.04404215515,0.2022884339,0.3999187052,0,1,988.75,0.84375,76.1675415,415.4000244,3986.171631
reinforce_plus_plus,REINFORCE++,2026,937689,13,0.53125,-0.1496411711,-0.1496411711,,0,1.654585719,0.1496411562,0.4544962347,0.4974270761,0,1,862,0.46875,67.44490814,408.9856567,3894.624512
reinforce_plus_plus,REINFORCE++,2026,937689,14,0.53125,-0.1730211973,-0.1730211973,,0,1.705918312,0.1730211824,0.445515424,0.4972754717,0,1,864.71875,0.5625,67.54351807,409.6766052,3842.957764
reinforce_plus_plus,REINFORCE++,2026,937689,15,0.1875,-0.106038779,-0.106038779,,0,1.814367533,0.106038779,0.1479024142,0.3555137813,0,1,978.46875,0.84375,75.6749649,413.7564087,3972.996826
reinforce_plus_plus,REINFORCE++,2026,937689,16,0.3125,-0.1748532653,-0.1748532653,,0,1.78862679,0.1748532951,0.2370485812,0.4251031578,0,1,923.75,0.71875,72.97167969,405.0886536,3908.79834
reinforce_plus_plus,REINFORCE++,2026,937689,17,0.53125,-0.1199056357,-0.1199056357,,0,1.574155092,0.1199057251,0.4685580134,0.4966824353,0,1,895.40625,0.4375,70.25974274,407.8153381,3928.414551
reinforce_plus_plus,REINFORCE++,2026,937689,18,0.46875,-0.06146445498,-0.06146445498,,0,1.459002137,0.06146445125,0.4365898967,0.4956184328,0,1,968,0.65625,74.42932892,416.1800232,4145.871094
reinforce_plus_plus,REINFORCE++,2026,937689,19,0.625,-0.05647481233,-0.05647481233,,0,1.444218755,0.05647477508,0.5918205976,0.4910026193,0,1,953.9375,0.59375,74.56009674,409.4147034,3701.795166
reinforce_plus_plus,REINFORCE++,2026,937689,20,0.46875,-0.1708514094,-0.1708514094,,0,1.632767081,0.1708514094,0.3827679157,0.486469388,0,1,862.03125,0.46875,66.50714874,414.7674561,3892.34375
reinforce_plus_plus,REINFORCE++,2026,937689,21,0.71875,-0.07281816751,-0.07281816751,,0,1.456555843,0.07281816751,0.6803136468,0.4626795352,0,1,914.25,0.5,71.69876099,408.0404968,3927.840576
reinforce_plus_plus,REINFORCE++,2026,937689,22,0.53125,-0.09064411372,-0.09064411372,,0,1.46739769,0.09064412117,0.4824826717,0.5007304549,0,1,914.75,0.5,70.9766922,412.4170837,3943.067627
reinforce_plus_plus,REINFORCE++,2026,937689,23,0.8125,-0.05110237375,-0.05110237375,,0,1.599713683,0.05110236257,0.7851789594,0.4040971994,0,1,922.1875,0.53125,70.7339325,417.1972046,3938.637695
reinforce_plus_plus,REINFORCE++,2026,937689,24,0.5,-0.1068229377,-0.1068229377,,0,1.693227053,0.1068229303,0.4428609014,0.4961155653,0,1,925.34375,0.59375,72.9003067,406.1848145,3928.954346
reinforce_plus_plus,REINFORCE++,2026,937689,25,0.3125,-0.05187018216,-0.05187018216,,0,1.664130688,0.05187018216,0.2828248143,0.4497820139,0,1,989.09375,0.75,76.62667847,413.0545959,4000.94873
reinforce_plus_plus,REINFORCE++,2026,937689,26,0.6875,-0.126327455,-0.126327455,,0,1.58891058,0.1263274699,0.6192916036,0.485101819,0,1,856.71875,0.40625,67.47412872,406.3038635,3903.239014
reinforce_plus_plus,REINFORCE++,2026,937689,27,0.40625,-0.1783209443,-0.1783209443,,0,1.838601351,0.1783209741,0.3181265891,0.467130214,0,1,898.03125,0.6875,69.09526825,415.9039917,3892.692139
reinforce_plus_plus,REINFORCE++,2026,937689,28,0.78125,-0.04860405624,-0.04860405624,,0,1.549017429,0.04860407114,0.7543132901,0.4234952629,0,1,857.6875,0.40625,66.7929306,410.9117737,3867.79834
reinforce_plus_plus,REINFORCE++,2026,937689,29,0.625,-0.2312399,-0.2312399,,0,1.960333467,0.2312398851,0.5017318726,0.5003778934,0,1,700.1875,0.28125,57.37658691,390.5077209,3656.099609
reinforce_plus_plus,REINFORCE++,2026,937689,30,0.375,-0.1328864843,-0.1328864843,,0,1.751302481,0.1328864694,0.3115587234,0.4606100917,0,1,932.21875,0.6875,71.32330322,418.2503662,3950.647461
reinforce_plus_plus,REINFORCE++,2026,937689,31,0.59375,-0.05346505344,-0.05346505344,,0,1.573872924,0.05346503854,0.5559881926,0.4934121668,0,1,934,0.53125,72.9238739,409.8520813,3944.852051
reinforce_plus_plus,REINFORCE++,2026,937689,32,0.90625,-0.0133664608,-0.0133664608,,0,1.508278251,0.01336645149,0.8902853131,0.2959630191,0,1,736.8125,0.03125,58.12473297,405.6448669,3952.902832
reinforce_plus_plus,REINFORCE++,2026,937689,33,0.6875,-0.05718340352,-0.05718340352,,0,1.747562885,0.05718337744,0.6486189365,0.4727596939,0,1,828.4375,0.375,64.19281769,412.9745789,4007.013184
reinforce_plus_plus,REINFORCE++,2026,937689,34,0.25,-0.1450342536,-0.1450342536,,0,1.890947342,0.1450342685,0.1874964386,0.3882732093,0,1,951.0625,0.75,74.25439453,409.8612976,3948.332764
reinforce_plus_plus,REINFORCE++,2026,937689,35,0.6875,-0.03408218175,-0.03408218175,,0,1.523570776,0.0340821892,0.6565048695,0.470469147,0,1,882.25,0.3125,70.18798828,402.2340393,3928.373291
reinforce_plus_plus,REINFORCE++,2026,937689,36,0.40625,-0.01854492351,-0.01854492351,,0,1.560317159,0.01854492351,0.3866945803,0.4919544458,0,1,970.40625,0.6875,75.31679535,412.2984619,3978.895508
reinforce_plus_plus,REINFORCE++,2026,937689,37,0.53125,-0.2370354235,-0.2370354235,,0,1.910134554,0.2370354235,0.4091342092,0.484552294,0,1,820.59375,0.53125,65.26267242,402.3586121,3780.725342
reinforce_plus_plus,REINFORCE++,2026,937689,38,0.6875,-0.07845717669,-0.07845717669,,0,1.475659966,0.07845715433,0.6365622282,0.4766047299,0,1,914,0.4375,71.24343872,410.5360413,3960.10376
reinforce_plus_plus,REINFORCE++,2026,937689,39,0.53125,-0.004256580025,-0.004256580025,,0,1.514787197,0.004256606102,0.513636291,0.4973210692,0,1,956.125,0.5625,73.54125214,416.0386047,3978.486084
reinforce_plus_plus,REINFORCE++,2026,937689,40,0.34375,-0.2318778187,-0.2318778187,,0,2.210220098,0.2318777889,0.2312484235,0.4275577962,0,1,852.3125,0.5625,66.66108704,409.1442566,3802.965576
reinforce_plus_plus,REINFORCE++,2026,937689,41,0.75,-0.1045567542,-0.1045567542,,0,1.413167238,0.1045567915,0.6805361509,0.4544644654,0,1,860.28125,0.5,67.22648621,409.4963684,3846.935791
reinforce_plus_plus,REINFORCE++,2026,937689,42,0.9375,-0.09354519844,-0.09354519844,,0,1.38988328,0.09354522824,0.8962000012,0.2855969667,0,1,713.625,0.125,56.80367279,402.0162659,3736.95874
reinforce_plus_plus,REINFORCE++,2026,937689,43,0.59375,-0.06948397309,-0.06948397309,,0,1.603293061,0.06948398799,0.5381319523,0.4928582013,0,1,940.6875,0.59375,72.56443787,414.8312988,3933.136475
reinforce_plus_plus,REINFORCE++,2026,937689,44,0.3125,-0.1051265895,-0.1051265895,,0,1.891857505,0.1051265746,0.2513583004,0.4384451509,0,1,912.625,0.6875,71.54560089,408.1872253,3898.001709
reinforce_plus_plus,REINFORCE++,2026,937689,45,0.3125,-0.05183405429,-0.05183405429,,0,1.946367621,0.05183408782,0.2679436505,0.450950861,0,1,862.375,0.53125,68.05500031,405.495575,3831.723389
reinforce_plus_plus,REINFORCE++,2026,937689,46,0.59375,-0.05388854444,-0.05388854444,,0,1.507303476,0.05388858542,0.546249032,0.4950617552,0,1,961.25,0.59375,74.73174286,411.6055603,3970.584473
reinforce_plus_plus,REINFORCE++,2026,937689,47,0.6875,-0.1728483588,-0.1728483588,,0,1.645705104,0.1728483737,0.5834799409,0.4881424606,0,1,779.0625,0.34375,62.45165253,399.1887817,3752.197998
reinforce_plus_plus,REINFORCE++,2026,937689,48,0.40625,-0.08350250125,-0.08350250125,,0,2.020941496,0.08350247145,0.3565802872,0.4768449962,0,1,774.6875,0.46875,61.00541687,406.3573608,3731.237061
reinforce_plus_plus,REINFORCE++,2026,937689,49,0.53125,-0.07207797468,-0.07207797468,,0,1.493841648,0.07207792997,0.4807460606,0.4937944412,0,1,949.9375,0.5625,74.50534821,407.9975586,3963.916992
reinforce_plus_plus_baseline,REINFORCE++-baseline,2026,937705,0,0.6875,-0.02815590054,-0.02815590054,0,0,1.457595229,0.02815590054,-0.01113852579,0.3956019878,0,1,880.25,0.53125,274.2359619,102.7144623,2577.510986
reinforce_plus_plus_baseline,REINFORCE++-baseline,2026,937705,1,0.40625,-0.09255506098,-0.09256129712,0.0006250936422,0,1.669292927,0.09256131202,-0.03747147322,0.4048288465,0,1,903.8125,0.625,70.78482056,408.5904236,3916.972168
reinforce_plus_plus_baseline,REINFORCE++-baseline,2026,937705,2,0.25,0.01276241243,0.01275773346,0.000466964615,0,1.303433776,-0.01275772974,0.005302710924,0.4156466424,0,1,889.875,0.59375,69.21483612,411.4146729,3866.089844
reinforce_plus_plus_baseline,REINFORCE++-baseline,2026,937705,3,0.375,-0.01783186197,-0.01783883944,0.0006973732379,0,1.520783424,0.01783884317,-0.005481054075,0.3072541058,0,1,1002.03125,0.875,75.53301239,424.5163574,4016.574707
reinforce_plus_plus_baseline,REINFORCE++-baseline,2026,937705,4,0.1875,6.37024641e-06,7.450580597e-09,0.000636624638,0,1.438693166,-1.11758709e-08,0,0.3437615931,0,1,1015.46875,0.96875,76.38366699,425.4181519,3990.424561
reinforce_plus_plus_baseline,REINFORCE++-baseline,2026,937705,5,0.53125,-0.02358946204,-0.02359514683,0.0005677375011,0,1.419724345,0.02359513938,-0.009786291979,0.4147589207,0,1,977.53125,0.6875,74.07060242,422.3132935,3990.487793
reinforce_plus_plus_baseline,REINFORCE++-baseline,2026,937705,6,0.5,-0.04137781262,-0.04138471931,0.0006913384423,0,1.526728868,0.04138471559,-0.01552959159,0.3752494454,0,1,931.4375,0.625,70.43820953,423.1510315,3940.679443
reinforce_plus_plus_baseline,REINFORCE++-baseline,2026,937705,7,0.28125,-0.01766106859,-0.0176686421,0.0007568096626,0,1.599971056,0.01766863465,-0.006088038906,0.3445672095,0,1,1010.5625,0.875,76.27710724,423.9542236,4014.875
reinforce_plus_plus_baseline,REINFORCE++-baseline,2026,937705,8,0.75,-0.02331872098,-0.02332564816,0.0006924921763,0,1.441374779,0.02332562394,-0.005602756049,0.2401973605,0,1,934.25,0.5,70.73565674,422.6439819,3978.868164
reinforce_plus_plus_baseline,REINFORCE++-baseline,2026,937705,9,0.46875,-0.02280790359,-0.02281561494,0.0007703466108,0,1.434630275,0.02281558514,-0.009356057271,0.4100730717,0,1,964.03125,0.6875,72.94390106,422.914032,3929.927979
reinforce_plus_plus_baseline,REINFORCE++-baseline,2026,937705,10,0.28125,7.778406143e-06,-1.11758709e-08,0.0007787440554,0,1.310426593,1.11758709e-08,0,0.165955618,0,1,1016.65625,0.90625,76.63092041,424.5414429,4003.388184
reinforce_plus_plus_baseline,REINFORCE++-baseline,2026,937705,11,0.625,-0.05940620601,-0.05941520259,0.000898672617,0,1.678981423,0.05941519141,-0.02351425961,0.3957617581,0,1,849.21875,0.40625,65.47927856,415.0167847,3880.499268
reinforce_plus_plus_baseline,REINFORCE++-baseline,2026,937705,12,0.3125,0.0146023389,0.01459226385,0.001006320468,0,1.659296513,-0.01459228061,0.00455387868,0.3120743632,0,1,935.84375,0.75,71.91191101,416.4400635,3912.449951
reinforce_plus_plus_baseline,REINFORCE++-baseline,2026,937705,13,0.5,-0.009470082819,-0.009481176734,0.001109458623,0,1.716530323,0.009481163695,-0.003015636699,0.3180660009,0,1,839.375,0.5,65.08787537,412.6728821,3818.427002
reinforce_plus_plus_baseline,REINFORCE++-baseline,2026,937705,14,0.53125,-0.02892275527,-0.02893432975,0.001157337334,0,1.82015729,0.02893434092,-0.009703279473,0.3353551626,0,1,854.65625,0.5,65.53888702,417.2942505,3841.730957
reinforce_plus_plus_baseline,REINFORCE++-baseline,2026,937705,15,0.375,-0.0295695737,-0.02958077937,0.001120608533,0,1.462797403,0.02958076447,-0.01093941741,0.36981529,0,1,967.6875,0.75,74.08660126,417.9703369,3968.983154
reinforce_plus_plus_baseline,REINFORCE++-baseline,2026,937705,16,0.375,-0.02564295754,-0.02565458044,0.001161149703,0,1.278767228,0.02565455809,-0.006686866749,0.2606500089,0,1,897.28125,0.625,69.41891479,413.6192627,3877.531738
reinforce_plus_plus_baseline,REINFORCE++-baseline,2026,937705,17,0.71875,-0.0500304997,-0.0500439778,0.001348457998,0,1.391101241,0.0500439778,-0.008786655962,0.1755786985,0,1,874.90625,0.375,68.3758316,409.45755,3896.369385
reinforce_plus_plus_baseline,REINFORCE++-baseline,2026,937705,18,0.59375,-0.04885987565,-0.04887327179,0.001340090064,0,1.306865335,0.04887328297,-0.01644171961,0.3364155293,0,1,909.9375,0.5,69.13826752,421.1560669,3911.313965
reinforce_plus_plus_baseline,REINFORCE++-baseline,2026,937705,19,0.8125,-0.05447144434,-0.05448736623,0.001592517598,0,1.441855907,0.05448735505,-0.01881461591,0.3453024924,0,1,876.5625,0.3125,68.73900604,408.0652466,3904.510986
reinforce_plus_plus_baseline,REINFORCE++-baseline,2026,937705,20,0.5625,-0.03813081235,-0.03814730793,0.001649446553,0,1.2639817,0.03814728558,-0.01286166254,0.3371579647,0,1,854.34375,0.4375,64.88046265,421.374939,3869.520508
reinforce_plus_plus_baseline,REINFORCE++-baseline,2026,937705,21,0.6875,-0.03572142124,-0.0357397981,0.001838193974,0,1.405559778,0.03573979437,-0.0145044215,0.4058339894,0,1,897.625,0.46875,70.25177002,408.8722534,3661.419922
reinforce_plus_plus_baseline,REINFORCE++-baseline,2026,937705,22,0.5625,-0.05669803545,-0.05671815574,0.002010972938,0,1.456169128,0.05671814829,-0.0263296254,0.4642187655,0,1,921.3125,0.5,70.1103363,420.5086365,4050.509277
reinforce_plus_plus_baseline,REINFORCE++-baseline,2026,937705,23,0.84375,-0.02863973752,-0.02866409719,0.002435836243,0,1.278682113,0.02866409905,-0.009087622166,0.3170385659,0,1,885.90625,0.3125,67.74440002,418.4700317,3934.728516
reinforce_plus_plus_baseline,REINFORCE++-baseline,2026,937705,24,0.53125,-0.01797150075,-0.01799683273,0.002533935243,0,1.675589561,0.01799684204,-0.00657112617,0.3651268482,0,1,841.15625,0.46875,65.30766296,412.1568298,3851.307129
reinforce_plus_plus_baseline,REINFORCE++-baseline,2026,937705,25,0.40625,-0.05156862736,-0.05159418285,0.002555493033,0,1.693071842,0.0515941754,-0.02209526859,0.4282510877,0,1,970.9375,0.78125,74.19643402,418.7532959,3976.723145
reinforce_plus_plus_baseline,REINFORCE++-baseline,2026,937705,26,0.71875,0.003814652562,0.003781020641,0.003364718752,0,2.196114063,-0.003781007603,0.0005581500009,0.1476184875,0,1,762.84375,0.28125,60.68920898,402.2296448,3815.618164
reinforce_plus_plus_baseline,REINFORCE++-baseline,2026,937705,27,0.71875,-0.05657940358,-0.05661287159,0.003346631536,0,1.475186944,0.05661287904,-0.024623679,0.4349484146,0,1,863.625,0.375,66.11407471,418.0047913,3896.249268
reinforce_plus_plus_baseline,REINFORCE++-baseline,2026,937705,28,0.8125,-0.03880556673,-0.03883938491,0.003382001305,0,1.414728165,0.03883939981,-0.01540642045,0.3966700137,0,1,848.875,0.4375,65.71803284,413.3416748,3867.292725
reinforce_plus_plus_baseline,REINFORCE++-baseline,2026,937705,29,0.75,3.96765754e-05,0,0.003967658151,0,0.02047096938,0,0,0,0,0,669.96875,0.21875,54.35669708,394.4132385,3618.555176
reinforce_plus_plus_baseline,REINFORCE++-baseline,2026,937705,30,0.46875,-0.04040648043,-0.04044163227,0.003513178322,0,1.372494817,0.040441636,-0.007020767778,0.1736025363,0,1,901.34375,0.53125,69.1594162,417.0509644,3909.713379
reinforce_plus_plus_baseline,REINFORCE++-baseline,2026,937705,31,0.5625,-0.04843917489,-0.04847328365,0.003412499093,0,1.58081913,0.04847329855,-0.01978884265,0.4082422853,0,1,944.9375,0.5,74.4107666,406.3659363,3961.847412
reinforce_plus_plus_baseline,REINFORCE++-baseline,2026,937705,32,0.96875,-0.02283262461,-0.02288214862,0.004951831885,0,1.016138315,0.02288216166,-0.004554224666,0.1990296245,0,1,696.46875,0.125,55.16108322,404.0348511,3724.998779
reinforce_plus_plus_baseline,REINFORCE++-baseline,2026,937705,33,0.6875,-0.001847720705,-0.001899139956,0.005141568836,0,1.397512078,0.001899127848,-0.0006420733407,0.3380876184,0,1,803.0625,0.25,61.45146561,418.1836853,3869.141113
reinforce_plus_plus_baseline,REINFORCE++-baseline,2026,937705,34,0.28125,3.619119525e-05,1.11758709e-08,0.003618943971,0,1.568448067,-1.11758709e-08,0,0.1729379594,0,1,936.21875,0.75,72.4208374,413.6792908,3924.805176
reinforce_plus_plus_baseline,REINFORCE++-baseline,2026,937705,35,0.75,-0.04237554967,-0.04242612794,0.005059597082,0,1.66811204,0.04242613912,-0.01536283549,0.3621078134,0,1,819.5,0.1875,65.13684845,402.5985413,3877.784424
reinforce_plus_plus_baseline,REINFORCE++-baseline,2026,937705,36,0.46875,0.01560112089,0.01555135846,0.004975898657,0,1.494856954,-0.01555135101,0.006644616835,0.4272687435,0,1,923.5625,0.4375,72.10681152,409.8641968,3956.951172
reinforce_plus_plus_baseline,REINFORCE++-baseline,2026,937705,37,0.5,-0.07050842047,-0.07057015598,0.006171312183,0,1.503419638,0.07057014108,-0.02258442342,0.3200279772,0,1,800.46875,0.46875,62.28100967,411.2810669,3773.521484
reinforce_plus_plus_baseline,REINFORCE++-baseline,2026,937705,38,0.71875,-0.04470007867,-0.04474963248,0.004956234712,0,1.301757455,0.04474962503,-0.008083781227,0.1806445867,0,1,830.65625,0.34375,63.99534607,415.3583069,3908.449463
reinforce_plus_plus_baseline,REINFORCE++-baseline,2026,937705,39,0.4375,-0.02673033625,-0.02678864822,0.005831264891,0,1.538374186,0.02678864449,-0.01161018573,0.4333997369,0,1,953.5,0.53125,72.97216034,418.1320496,3975.81543
reinforce_plus_plus_baseline,REINFORCE++-baseline,2026,937705,40,0.28125,0.003330022097,0.003263243707,0.006677119993,0,1.45875442,-0.00326324068,0.0005949946353,0.1823320389,0,1,840.34375,0.5625,64.59949493,416.272583,3797.167236
reinforce_plus_plus_baseline,REINFORCE++-baseline,2026,937705,41,0.6875,-0.02143140882,-0.02150608227,0.007468210068,0,1.287359118,0.02150605991,-0.009585724212,0.4457223415,0,1,871.25,0.5625,67.15111542,415.1829834,3842.255859
reinforce_plus_plus_baseline,REINFORCE++-baseline,2026,937705,42,0.90625,-0.03722464666,-0.03729248419,0.006784295198,0,1.337282777,0.03729248792,-0.01052058395,0.2821099162,0,1,717.34375,0.125,56.12418747,409.0036926,3746.893311
reinforce_plus_plus_baseline,REINFORCE++-baseline,2026,937705,43,0.5,-0.01974216104,-0.01981611922,0.00739608705,0,1.497911334,0.01981612667,-0.007743173279,0.3907515705,0,1,912.09375,0.5,70.84570312,411.9798279,3933.419678
reinforce_plus_plus_baseline,REINFORCE++-baseline,2026,937705,44,0.4375,-0.03672046587,-0.0367891714,0.006870461162,0,1.693919778,0.0367891714,-0.01572076976,0.4273208082,0,1,943.21875,0.6875,71.24815369,423.632019,3940.017822
reinforce_plus_plus_baseline,REINFORCE++-baseline,2026,937705,45,0.5,-0.0136317648,-0.01373077929,0.009900867008,0,1.778154492,0.01373077556,-0.005751159508,0.4188512564,0,1,768.1875,0.34375,59.99869537,409.7089233,3746.849854
reinforce_plus_plus_baseline,REINFORCE++-baseline,2026,937705,46,0.40625,-0.0499978438,-0.05007505417,0.007722157519,0,1.401391387,0.05007505789,-0.01912858151,0.3819979727,0,1,920.375,0.59375,69.96327972,420.9637146,3933.409912
reinforce_plus_plus_baseline,REINFORCE++-baseline,2026,937705,47,0.59375,0.03203145042,0.03192415461,0.01072982233,0,1.227444291,-0.03192416579,0.009027506225,0.2827796042,0,1,719.15625,0.25,56.94338989,404.1382141,3687.24707
reinforce_plus_plus_baseline,REINFORCE++-baseline,2026,937705,48,0.53125,0.03296842054,0.03287062049,0.009780607186,0,2.79574728,-0.03287062794,0.01099059638,0.334359318,0,1,731.09375,0.34375,56.86495209,411.4133301,3655.329102
reinforce_plus_plus_baseline,REINFORCE++-baseline,2026,937705,49,0.53125,0.006817186251,0.00671961531,0.009757881053,0,1.422234416,-0.006719611585,0.002097876044,0.3122022748,0,1,841.625,0.40625,65.89824677,408.6907043,3874.440186
